account_id,opportunity_count,brand_count
0014v00002pSjz5AAC,3,3
001N400000NlGI7IAN,3,3
001N4000009OOfGIAW,3,3
001N400000OBHnvIAH,3,3
001N400000mg0w6IAA,3,3
001N400000NlDGzIAN,3,3
001N400000heocCIAQ,3,2
001N400000oKw9bIAC,3,3
001N400000heoboIAA,3,3
001N4000009EkVhIAK,3,3
001N4000008saoMIAQ,3,3
0014v00002UhoeSAAR,3,3
0014v00002Nso3uAAB,3,3
0016g00000YfpVwAAJ,3,3
001N400000DqVMpIAN,3,3
0014v00002KvwERAAZ,3,3
001N400000m8NbjIAE,3,3
001N400000unFSJIA2,3,3
001N400000NlAiQIAV,3,3
0014v00002oLW1AAAW,3,3
001N400000Tvvc3IAB,3,3
0014v00002Ujw4LAAR,3,3
0016g00000KMYl5AAH,3,3
0014v00002oK9i1AAC,3,3
0014v00002dt4DGAAY,3,3
001N400000BXHNAIA5,3,3
001N400000NlLjLIAV,2,2
001N400000hedGBIAY,2,2
0014v00002gjPZqAAM,2,2
001N400000Gs9t8IAB,2,2
001N400000NlGLFIA3,2,2
0014v00002sbpQDAAY,2,2
001N400000NlGL1IAN,2,2
001N400000GhJnnIAF,2,2
0014v00002gjYucAAE,2,1
0014v00002gjnCaAAI,2,2
001N400000AbpFVIAZ,2,2
0014v00002dpjwBAAQ,2,2
001N400000LGM71IAH,2,2
0014v00002htZkjAAE,2,2
001N400000H2X6IIAV,2,2
001N400000heajxIAA,2,2
001N400000HNj4JIAT,2,2
001N400000HQOPtIAP,2,2
001N400000NlLpmIAF,2,2
001N400000Ghzv3IAB,2,2
001N400000A0SOLIA3,2,2
0014v00002ta6gEAAQ,2,1
001N4000009Wh1RIAS,2,2
0014v00002fAYPmAAO,2,2
001N400000M8U7bIAF,2,2
001N400000FZMd3IAH,2,2
001N4000009N1KnIAK,2,2
001N400000A257XIAR,2,2
001N400000heuqoIAA,2,2
001N400000MHgeFIAT,2,2
001N400000NlGKaIAN,2,2
0014v00002hwCfdAAE,2,2
001N4000009EeICIA0,2,2
0014v00002gfizkAAA,2,2
001N400000hew0CIAQ,2,2
001N400000hei9cIAA,2,2
001N4000008qtFJIAY,2,2
001N400000hew0VIAQ,2,2
001N400000hei09IAA,2,2
0014v00002giNAeAAM,2,2
0014v00002git3yAAA,2,2
001N400000NlGCTIA3,2,2
001N400000NmcN5IAJ,2,2
001N400000NmcNBIAZ,2,2
0014v00002m7AmKAAU,2,2
001N400000JMa9xIAD,2,2
001N400000JOhotIAD,2,2
001N400000OB1ghIAD,2,2
0016g00000MC4lwAAD,2,2
001N400000OB1h3IAD,2,2
0016g00000MAnLoAAL,2,2
001N400000bRsdVIAS,2,1
0014v00002mtoFBAAY,2,2
001N400000OsqX3IAJ,2,2
001N400000MdaGgIAJ,2,2
0014v00002muNm1AAE,2,2
0016g00000KMocZAAT,2,2
0014v00002pSacIAAS,2,2
001N400000QeYwsIAF,2,2
0014v00002mwkN0AAI,2,2
001N400000JkC1eIAF,2,2
001N400000KIBJQIA5,2,2
0014v00002mxJujAAE,2,2
0016g00000FXjVoAAL,2,2
0016g00000CxYEIAA3,2,2
0016g00000EE7RrAAL,2,2
001N400000TK7axIAD,2,2
0016g00000M90UTAAZ,2,2
001N400000HXVrJIAX,2,2
001N400000NlLroIAF,2,2
0014v00002rpxbqAAA,2,2
0016g00000gzEbrAAE,2,2
0016g00000eT4GyAAK,2,2
0016g00000BIRc4AAH,2,2
0014v00002qkeW2AAI,2,2
001N400000HvzPyIAJ,2,2
001N400000I3RR9IAN,2,2
001N400000NlLzuIAF,2,2
001N400000NlM0MIAV,2,2
001N400000heBDVIA2,2,2
001N400000KYHB0IAP,2,2
0014v00002lpGzRAAU,2,2
0014v00002lpU5lAAE,2,2
001N400000hSptFIAS,2,2
0016g00000UGcHEAA1,2,2
0014v00002lpzkvAAA,2,2
0014v00002lqVO3AAM,2,2
001N400000hO981IAC,2,2
001N400000IxnIbIAJ,2,2
0014v00002m5tXaAAI,2,2
001N400000hIZeaIAG,2,2
001N400000NlM2uIAF,2,2
0014v00002m6NHRAA2,2,2
0014v00002lYPqmAAG,2,2
001N400000NlAVUIA3,2,1
0014v00002Rik6VAAR,2,2
001N400000Nl6DRIAZ,2,2
001N400000Az7oQIAR,2,2
001N400000E92vQIAR,2,2
0014v00002SKwkZAAT,2,2
0014v00002SMBGFAA5,2,2
001N400000yvLgJIAU,2,2
001N400000NlDJlIAN,2,2
001N400000NlF4sIAF,2,2
0014v00002SMHCnAAP,2,2
0014v00002SMgXpAAL,2,2
001N400000Ay3QJIAZ,2,2
0014v00002SMpnQAAT,2,2
001N400000jqMfVIAU,2,2
001N400000NlF4SIAV,2,2
001N400000m4PHBIA2,2,2
001N400000jiLdbIAE,2,1
001N400000AwaDRIAZ,2,2
001N400000wji0UIAQ,2,2
001N400000EDbPzIAL,2,2
001N400000B70wHIAR,2,2
001N400000DPx3uIAD,2,2
001N4000012grs8IAA,2,2
001N400000Nl9Y2IAJ,2,2
0016g00000BIRW6AAP,2,1
001N40000125p0MIAQ,2,2
001N4000011xTpoIAE,2,2
001N400000NlEyWIAV,2,2
001N400000NlDndIAF,2,2
001N400000Nl8QGIAZ,2,2
0014v00002NspRpAAJ,2,2
0014v00002IdswnAAB,2,2
001N400000B20teIAB,2,2
001N400000NlEybIAF,2,2
0014v00002oKAlgAAG,2,2
001N40000111CHSIA2,2,2
001N40000110w9PIAQ,2,2
001N400000BBclDIAT,2,2
001N400000AzTfGIAV,2,2
0016g00000BIRYnAAP,2,2
0014v00002NBH8iAAH,2,2
0014v00002ZitaVAAR,2,1
0014v00002cT6CTAA0,2,2
001N400000hf2hRIAQ,2,2
001N400000NlDDgIAN,2,2
001N400000Bl9ZNIAZ,2,2
0014v00002Zi6YjAAJ,2,2
001N400000CLmiiIAD,2,2
001N400000AqPHWIA3,2,2
001N400000hf2kRIAQ,2,2
001N400000NlFgOIAV,2,2
001N400000hhqnUIAQ,2,2
001N400000NlDE9IAN,2,2
001N400000BpvfXIAR,2,2
0014v00002SO0FgAAL,2,2
001N400000MiCYjIAN,2,2
001N400000NlF6fIAF,2,2
001N400000NlBlZIAV,2,2
001N400000vvO4vIAE,2,2
001N400000Ep3qQIAR,2,2
001N400000hf3FXIAY,2,2
001N400000BZnqjIAD,2,2
001N400000Me0eAIAR,2,2
001N400000BdAFiIAN,2,2
001N400000NlDEFIA3,2,2
001N400000NlDD1IAN,2,2
001N400000NlF51IAF,2,2
0014v00002cRaloAAC,2,2
001N400000NlDEBIA3,2,2
001N400000Nl9buIAB,1,1
001N400000KYJ4mIAH,1,1
001N400000KYSMXIA5,1,1
001N400000NlBl7IAF,1,1
001N400000Nl9ZGIAZ,1,1
001N400000KFvCAIA1,1,1
001N400000NlBleIAF,1,1
001N400000Kd6ziIAB,1,1
001N400000NlBlvIAF,1,1
001N400000KEHf6IAH,1,1
001N400000NlBr9IAF,1,1
001N400000KZ0g1IAD,1,1
001N400000NlAh4IAF,1,1
001N400000NlAgTIAV,1,1
001N400000NlAd3IAF,1,1
001N400000NlAcbIAF,1,1
001N400000NlAcPIAV,1,1
001N400000NlAcLIAV,1,1
001N400000KdH0fIAF,1,1
001N400000KPhfoIAD,1,1
001N400000KLZQkIAP,1,1
001N400000KQww5IAD,1,1
001N400000KQ2DzIAL,1,1
001N400000NlAicIAF,1,1
001N400000KJ3oIIAT,1,1
001N400000NlAj9IAF,1,1
001N400000NlAaBIAV,1,1
001N400000NlAVaIAN,1,1
001N400000KIS0oIAH,1,1
001N400000NlAVKIA3,1,1
001N400000NlAVCIA3,1,1
001N400000KKD5hIAH,1,1
001N400000La9NGIAZ,1,1
001N400000LiGzeIAF,1,1
001N400000LiHsJIAV,1,1
001N400000LmhhmIAB,1,1
001N400000Lr4MQIAZ,1,1
001N400000LrA0SIAV,1,1
001N400000MzohkIAB,1,1
001N400000MzBOVIA3,1,1
001N400000Lxh3IIAR,1,1
001N400000MyqNMIAZ,1,1
001N400000LyQTPIA3,1,1
001N400000Mk0jXIAR,1,1
001N400000M8biVIAR,1,1
001N400000Nl8SeIAJ,1,1
001N400000Mj4h9IAB,1,1
001N400000M8fKfIAJ,1,1
001N400000Mj3EnIAJ,1,1
001N400000MB4I9IAL,1,1
001N400000MBbVrIAL,1,1
001N400000MKDpJIAX,1,1
001N400000MKb57IAD,1,1
001N400000MTikDIAT,1,1
001N400000McFhQIAV,1,1
001N400000McUYMIA3,1,1
001N400000Mfx7jIAB,1,1
001N400000MdqTuIAJ,1,1
001N400000Mdt0AIAR,1,1
001N400000MdwKRIAZ,1,1
001N400000MjoP9IAJ,1,1
001N400000KffDTIAZ,1,1
001N400000KgCKjIAN,1,1
001N400000Nl9YyIAJ,1,1
001N400000Nl9Y4IAJ,1,1
001N400000KgtMRIAZ,1,1
001N400000Nl9XSIAZ,1,1
001N400000Nl9TiIAJ,1,1
001N400000KjTX0IAN,1,1
001N400000KzeOQIAZ,1,1
001N400000KzmyiIAB,1,1
001N400000Nl9TFIAZ,1,1
001N400000L1tPlIAJ,1,1
001N400000Nl9TDIAZ,1,1
001N400000LYCAnIAP,1,1
001N400000L4KdZIAV,1,1
001N400000LCNknIAH,1,1
001N400000LDSVTIA5,1,1
001N400000LFNt5IAH,1,1
001N400000LFRqHIAX,1,1
001N400000Nl6DTIAZ,1,0
001N400000LGE1SIAX,1,1
001N400000LR2uhIAD,1,1
001N400000LSY7kIAH,1,1
001N400000Nl6D4IAJ,1,1
001N400000LT1nrIAD,1,1
001N400000NSCttIAH,1,1
001N400000LVFl3IAH,1,1
001N400000NR2M4IAL,1,1
001N400000Nl8QyIAJ,1,1
001N400000Eh2D1IAJ,1,1
001N400000Ed782IAB,1,1
001N400000EckGLIAZ,1,1
001N400000EY4qkIAD,1,1
001N400000EM6wLIAT,1,1
001N400000EIEKgIAP,1,1
001N400000EICXKIA5,1,1
001N400000EHi9SIAT,1,1
001N400000NlBqBIAV,1,1
001N400000EFuufIAD,1,1
001N400000E91ckIAB,1,1
001N400000E619gIAB,1,1
001N400000E5O86IAF,1,1
001N400000E5KxMIAV,1,1
001N400000E3wZ3IAJ,1,1
001N400000E3vPvIAJ,1,1
001N400000E3FQnIAN,1,1
001N400000EHcnBIAT,1,1
001N400000FQt53IAD,1,1
001N400000FLaMSIA1,1,1
001N400000FK9ZZIA1,1,1
001N400000FHxuIIAT,1,1
001N400000FGXLxIAP,1,1
001N400000FEZOiIAP,1,1
001N400000FEGtvIAH,1,1
001N400000FCJ7uIAH,1,1
001N400000Eii6xIAB,1,1
001N400000FBkF1IAL,1,1
001N400000FBjCXIA1,1,1
001N400000F7Uf4IAF,1,1
001N400000F5e4EIAR,1,1
001N400000EvcYQIAZ,1,1
001N400000EpfDyIAJ,1,1
001N400000EnT7FIAV,1,1
001N400000EnD8wIAF,1,1
001N400000EjmYNIAZ,1,1
001N400000FC3MVIA1,1,1
001N400000Cu0ePIAR,1,1
001N400000CsfqZIAR,1,1
001N400000CjQh1IAF,1,1
001N400000CjC1LIAV,1,1
001N400000CZwv4IAD,1,1
001N400000CS07qIAD,1,1
001N400000COoCtIAL,1,1
001N400000CMELdIAP,1,1
001N400000E08VNIAZ,1,0
001N400000CLyOvIAL,1,1
001N400000CKgfeIAD,1,1
001N400000CKbXkIAL,1,1
001N400000CKWOOIA5,1,1
001N400000CGbBDIA1,1,1
001N400000C8tEwIAJ,1,1
001N400000C8XpZIAV,1,1
001N400000C8O4kIAF,1,1
001N400000C3xJIIAZ,1,1
001N400000CM4vmIAD,1,1
001N400000DxyByIAJ,1,1
001N400000DqReMIAV,1,1
001N400000DlBK1IAN,1,1
001N400000Dl9TSIAZ,1,1
001N400000DjPkbIAF,1,1
001N400000Dh06wIAB,1,1
001N400000DdR2TIAV,1,1
001N400000DQLESIA5,1,1
001N400000Cz6chIAB,1,1
001N400000DMyB2IAL,1,1
001N400000DM4f0IAD,1,1
001N400000DM2IFIA1,1,1
001N400000DLqIiIAL,1,1
001N400000DJMrmIAH,1,1
001N400000DJJh5IAH,1,1
001N400000DFLENIA5,1,1
001N400000DAC5QIAX,1,1
001N400000D3ae7IAB,1,0
001N400000DO2Z5IAL,1,1
001N400000JP3vsIAD,1,0
001N400000JJnOqIAL,1,1
001N400000JFRRZIA5,1,1
001N400000JDlcWIAT,1,1
001N400000J8n5TIAR,1,1
001N400000J55x5IAB,1,1
001N400000IuqhVIAR,1,1
001N400000ItgVhIAJ,1,1
001N400000FR1NeIAL,1,1
001N400000IhrtBIAR,1,1
001N400000IS4EQIA1,1,1
001N400000INk4dIAD,1,1
001N400000ILet2IAD,1,1
001N400000IKR9lIAH,1,0
001N400000IJhN3IAL,1,1
001N400000IJS9XIAX,1,1
001N400000HvsjWIAR,1,1
001N400000HvfUTIAZ,1,1
001N400000IslZ5IAJ,1,1
001N400000K8rwVIAR,1,1
001N400000K5XflIAF,1,1
001N400000Jvx6xIAB,1,1
001N400000JvtCwIAJ,1,1
001N400000JncNoIAJ,1,1
001N400000Jl086IAB,1,1
001N400000JkLUrIAN,1,1
001N400000JjmASIAZ,1,1
001N400000JPzeuIAD,1,1
001N400000JgkxxIAB,1,1
001N400000JgWOnIAN,1,1
001N400000JcUiDIAV,1,1
001N400000JZr9pIAD,1,1
001N400000JZX7uIAH,1,1
001N400000JYWXBIA5,1,1
001N400000JX6JtIAL,1,1
001N400000JTa0OIAT,1,1
001N400000JSzf9IAD,1,1
001N400000JjcpVIAR,1,1
001N400000Gga5yIAB,1,1
001N400000GeGPwIAN,1,1
001N400000GQ1vJIAT,1,1
001N400000GPiSsIAL,1,1
001N400000GPOM9IAP,1,1
001N400000GOrLNIA1,1,1
001N400000GL5gFIAT,1,1
001N400000G9f4OIAR,1,1
001N400000HllRWIAZ,1,1
001N400000FdzRBIAZ,1,1
001N400000FdyF1IAJ,1,1
001N400000FdhEGIAZ,1,1
001N400000Fcp2TIAR,1,1
001N400000Fco84IAB,1,1
001N400000FccRvIAJ,1,1
001N400000FaDqwIAF,1,1
001N400000FZtvSIAT,1,1
001N400000FTKHIIA5,1,1
001N400000FomX7IAJ,1,1
001N400000HliOrIAJ,1,1
001N400000HittRIAR,1,0
001N400000HiPP9IAN,1,1
001N400000HiGqXIAV,1,0
001N400000HZtzBIAT,1,1
001N400000HX7SNIA1,1,1
001N400000HWqEbIAL,1,1
001N400000HWoSwIAL,1,1
001N400000Gl7GAIAZ,1,1
001N400000HF5x5IAD,1,1
001N400000H31iXIAR,1,1
001N400000H2DnOIAV,1,1
001N400000GyvQRIAZ,1,1
001N400000Gx15JIAR,1,1
001N400000GwnlVIAR,1,1
001N400000GwMYRIA3,1,1
001N400000GljeoIAB,1,1
001N400000GlhbOIAR,1,1
001N400000HNdq6IAD,1,1
001N400000hevv8IAA,1,1
001N400000hevunIAA,1,1
001N400000hevtsIAA,1,1
001N400000hevczIAA,1,1
001N400000hevciIAA,1,1
001N400000hevcKIAQ,1,1
001N400000hevNOIAY,1,1
001N400000hev6UIAQ,1,1
001N400000C5lkBIAR,1,1
001N400000hev5ZIAQ,1,1
001N400000hev5VIAQ,1,1
001N400000heobpIAA,1,1
001N400000hemtpIAA,1,1
001N400000hejgjIAA,1,1
001N400000hejTxIAI,1,1
001N400000hejCGIAY,1,1
001N400000hej4uIAA,1,1
001N400000heiV0IAI,1,1
001N400000hev5mIAA,1,1
001N400000hf3I3IAI,1,1
001N400000hf2oNIAQ,1,1
001N400000hf2hTIAQ,1,1
001N400000hf2gjIAA,1,1
001N400000hf2bRIAQ,1,1
001N400000hf2aQIAQ,1,1
001N400000hf2KLIAY,1,1
001N400000hf2DmIAI,1,1
001N400000hf21TIAQ,1,1
001N400000hevv9IAA,1,1
001N400000hf20JIAQ,1,1
001N400000heyAzIAI,1,1
001N400000heyAxIAI,1,1
001N400000heyAGIAY,1,1
001N400000hew1ZIAQ,1,1
001N400000hevvqIAA,1,1
001N400000hevvkIAA,1,1
001N400000hevvfIAA,1,1
001N400000hevvQIAQ,1,1
001N400000hf21NIAQ,1,1
001N400000heakMIAQ,1,1
001N400000heaPNIAY,1,1
001N400000heaHOIAY,1,1
001N400000heaF3IAI,1,1
001N400000hea6QIAQ,1,1
001N400000heZWdIAM,1,1
001N400000heZTsIAM,1,1
001N400000heYrYIAU,1,1
001N400000heiUzIAI,1,1
001N400000heYi3IAE,1,1
001N400000heYgkIAE,1,1
001N400000heWbMIAU,1,1
001N400000heW0hIAE,1,1
001N400000heVUoIAM,1,1
001N400000heVUlIAM,1,1
001N400000heTzCIAU,1,1
001N400000heRTMIA2,1,1
001N400000heQlcIAE,1,1
001N400000heYrKIAU,1,1
001N400000heiRkIAI,1,1
001N400000heiDKIAY,1,1
001N400000hei9BIAQ,1,1
001N400000hei18IAA,1,1
001N400000hehy0IAA,1,1
001N400000hehstIAA,1,1
001N400000hegmKIAQ,1,1
001N400000hegMJIAY,1,1
001N400000hegLgIAI,1,1
001N400000heakVIAQ,1,1
001N400000heg1fIAA,1,1
001N400000hefoGIAQ,1,1
001N400000heeRTIAY,1,1
001N400000heeR1IAI,1,1
001N400000hedGGIAY,1,1
001N400000hedFxIAI,1,1
001N400000hed2hIAA,1,1
001N400000hed2FIAQ,1,0
001N400000heb0MIAQ,1,1
001N400000hegLQIAY,1,1
001N400000neeSRIAY,1,1
0014v00002Icc7aAAB,1,1
001N400000n3wTGIAY,1,1
001N400000mbBvPIAU,1,1
001N400000mUkY5IAK,1,1
001N400000m9EOJIA2,1,1
0014v00002IcewXAAR,1,1
0014v00002Ns7VWAAZ,1,1
001N400000hf3JBIAY,1,1
0014v00002NCzDkAAL,1,1
0014v00002NCiN0AAL,1,1
0014v00002NCi35AAD,1,1
0014v00002NCcYLAA1,1,1
0014v00002NCa8kAAD,1,1
0014v00002NCZs5AAH,1,1
0014v00002NCRYmAAP,1,1
0014v00002NCIHnAAP,1,1
0014v00002NCAfBAAX,1,1
0014v00002NrgUHAAZ,1,1
001N400000uiYCDIA2,1,1
001N400000uPGscIAG,1,1
001N400000toDNPIA2,1,1
001N400000syc1hIAA,1,1
001N400000soeCwIAI,1,1
001N400000sd7IjIAI,1,1
001N400000scSvSIAU,1,1
001N400000sPQ3ZIAW,1,1
001N400000rMa9aIAC,1,1
001N400000nmGzAIAU,1,1
001N400000qdIn8IAE,1,1
001N400000qYHlIIAW,1,1
001N400000qXP07IAG,1,1
001N400000qWAxeIAG,1,1
001N400000qQ7vzIAC,1,1
001N400000pX1HuIAK,1,1
001N400000oi9m8IAA,1,1
001N400000ntvPiIAI,1,1
001N400000ntgVVIAY,1,1
001N400000r6ZPeIAM,1,1
001N400000kY0uMIAS,1,1
001N400000kGXtlIAG,1,1
001N400000jqe4IIAQ,1,1
001N400000jqcCBIAY,1,1
001N400000jpyejIAA,1,1
001N400000jpub3IAA,1,1
001N400000jieccIAA,1,1
001N400000jgLWAIA2,1,1
0014v00002NC7KFAA1,1,1
001N400000ivSb1IAE,1,1
001N400000iq18YIAQ,1,1
001N400000iDPc7IAG,1,1
001N400000iDIHGIA4,1,1
001N400000hx6ByIAI,1,1
001N400000hf3f7IAA,1,1
001N400000hf3OGIAY,1,1
001N400000hf3MZIAY,1,1
001N400000hf3MHIAY,1,1
001N400000jfmjXIAQ,1,1
0014v00002NC0sFAAT,1,1
0014v00002NBhwZAAT,1,1
0014v00002NBSMMAA5,1,1
0014v00002NBRocAAH,1,1
0014v00002NBHIbAAP,1,1
0014v00002NBHBcAAP,1,1
0014v00002KwiAYAAZ,1,1
0014v00002Kwi9GAAR,1,1
0014v00002KwfnYAAR,1,1
001N400000kZQQBIA4,1,1
0014v00002Kw1S1AAJ,1,1
0014v00002Kw117AAB,1,1
0014v00002Kw0YWAAZ,1,1
0014v00002KvrGdAAJ,1,1
0014v00002KvpcmAAB,1,1
0014v00002KvoR9AAJ,1,1
0014v00002KvmZ0AAJ,1,1
001N400000lfRNuIAM,1,1
001N400000lZNJgIAO,1,1
0014v00002KwYCdAAN,1,1
001N400000NlGCfIAN,1,1
001N400000NlGCFIA3,1,1
001N400000NlGAZIA3,1,1
001N400000NlGAKIA3,1,1
001N400000NlG9KIAV,1,1
001N400000NlG8xIAF,1,1
001N400000NlG8tIAF,1,1
001N400000NlG8oIAF,1,1
001N400000heQkRIAU,1,1
001N400000NlG12IAF,1,1
001N400000NlG0vIAF,1,1
001N400000NlFkfIAF,1,1
001N400000NlFhTIAV,1,1
001N400000NlFgqIAF,1,1
001N400000NlFgjIAF,1,1
001N400000NlFgYIAV,1,1
001N400000NlFgVIAV,1,1
001N400000NlF83IAF,1,1
001N400000NlG85IAF,1,1
001N400000NlLluIAF,1,1
001N400000NlLlWIAV,1,1
001N400000NlLiyIAF,1,1
001N400000NlLQNIA3,1,1
001N400000NlGKoIAN,1,1
001N400000NlGKVIA3,1,1
001N400000NlGKNIA3,1,1
001N400000NlGK3IAN,1,1
001N400000NlGK2IAN,1,1
001N400000NlGCsIAN,1,1
001N400000NlGJZIA3,1,1
001N400000NlGJKIA3,1,1
001N400000NlGIqIAN,1,1
001N400000NlGInIAN,1,1
001N400000NlGIhIAN,1,1
001N400000NlGHdIAN,1,1
001N400000NlGHDIA3,1,1
001N400000NlGDkIAN,1,1
001N400000NlGDeIAN,1,1
001N400000NlGJcIAN,1,1
001N400000NlDmOIAV,1,1
001N400000NlDKHIA3,1,1
001N400000NlDJqIAN,1,1
001N400000NlDJnIAN,1,1
001N400000NlDIiIAN,1,1
001N400000NlDGYIA3,1,1
001N400000NlDGQIA3,1,1
001N400000NlDG1IAN,1,1
001N400000NlF6yIAF,1,1
001N400000NlDEVIA3,1,1
001N400000NlDDyIAN,1,1
001N400000NlDDnIAN,1,1
001N400000NlDD2IAN,1,1
001N400000NlD96IAF,1,1
001N400000NlD8WIAV,1,1
001N400000NlBtRIAV,1,1
001N400000NlBt2IAF,1,1
001N400000NlBsoIAF,1,1
001N400000NlDFSIA3,1,1
001N400000NlF6SIAV,1,1
001N400000NlF4qIAF,1,1
001N400000NlF4hIAF,1,1
001N400000NlF4RIAV,1,1
001N400000NlF3xIAF,1,1
001N400000NlF3tIAF,1,1
001N400000NlF3XIAV,1,1
001N400000NlF3TIAV,1,1
001N400000NlF3OIAV,1,1
001N400000NlDmSIAV,1,1
001N400000NlEzYIAV,1,1
001N400000NlEyYIAV,1,1
001N400000NlDwQIAV,1,1
001N400000NlDwOIAV,1,1
001N400000NlDw9IAF,1,1
001N400000NlDrGIAV,1,1
001N400000NlDrFIAV,1,1
001N400000NlDnkIAF,1,1
001N400000NlDnYIAV,1,1
001N400000NlF2qIAF,1,1
001N400000dkjDbIAI,1,1
001N400000deKPlIAM,1,1
001N400000d97YcIAI,1,1
001N400000cJkvmIAC,1,1
001N400000c6Wx0IAE,1,1
001N400000c3vAUIAY,1,1
001N400000bkg74IAA,1,1
001N400000bMe4oIAC,1,1
001N400000NlLmNIAV,1,1
001N400000aW20RIAS,1,1
001N400000aTP4oIAG,1,1
001N400000ZQiuMIAT,1,1
001N400000Z4lQxIAJ,1,1
001N400000WIBlnIAH,1,1
001N400000WI1ZcIAL,1,1
001N400000W9omLIAR,1,1
001N400000VE6v5IAD,1,1
001N400000V5AUwIAN,1,1
001N400000agGreIAE,1,1
001N400000heN03IAE,1,1
001N400000heLCpIAM,1,1
001N400000heKy9IAE,1,1
001N400000heI7qIAE,1,1
001N400000heEuCIAU,1,1
001N400000he9hsIAA,1,1
001N400000he9hFIAQ,1,1
001N400000he3IFIAY,1,1
001N400000hR8wyIAC,1,1
001N400000ew3mTIAQ,1,1
001N400000hJxN0IAK,1,1
001N400000hJS9VIAW,1,1
001N400000hJOUDIA4,1,1
001N400000hIi6kIAC,1,1
001N400000hIByqIAG,1,1
001N400000hEDWKIA4,1,1
001N400000fu5gXIAQ,1,1
001N400000fOrWhIAK,1,1
001N400000fMLfwIAG,1,1
001N400000hQnqsIAC,1,1
001N400000NmcN3IAJ,1,1
001N400000NlM31IAF,1,1
001N400000NlM2oIAF,1,1
001N400000NlM2gIAF,1,1
001N400000NlM28IAF,1,1
001N400000NlM1yIAF,1,1
001N400000NlM1pIAF,1,1
001N400000NlM0uIAF,1,1
001N400000NlM0TIAV,1,1
001N400000V1lpbIAB,1,1
001N400000NlLy9IAF,1,1
001N400000NlLssIAF,1,1
001N400000NlLspIAF,1,1
001N400000NlLsmIAF,1,1
001N400000NlLsjIAF,1,1
001N400000NlLpkIAF,1,1
001N400000NlLpcIAF,1,1
001N400000NlLobIAF,1,1
001N400000NlLmxIAF,1,1
001N400000NlLzgIAF,1,1
001N400000Uuj65IAB,1,1
001N400000UYCSCIA5,1,1
001N400000TrYvrIAF,1,1
001N400000TlS55IAF,1,1
001N400000TjyXKIAZ,1,1
001N400000TWuT7IAL,1,1
001N400000TPWE3IAP,1,1
001N400000SY0wmIAD,1,1
001N400000SXpwbIAD,1,1
001N400000NmnKfIAJ,1,1
001N400000SKU0GIAX,1,1
001N400000RkQZWIA3,1,1
001N400000RbKeaIAF,1,1
001N400000RDh9HIAT,1,1
001N400000QrQTgIAN,1,1
001N400000QCBvKIAX,1,1
001N400000PaPSwIAN,1,1
001N400000PZex7IAD,1,1
001N400000OtNiyIAF,1,1
001N400000SN8WHIA1,1,1
0014v00002mwxaJAAQ,1,1
0014v00002mwrZdAAI,1,1
0014v00002mwjYuAAI,1,1
0014v00002mw8XNAAY,1,1
0014v00002mvtkzAAA,1,1
0014v00002mvjh4AAA,1,1
0014v00002mvAlwAAE,1,1
0014v00002muBlYAAU,1,1
0014v00002muALYAA2,1,1
001N400000B2NdKIAV,1,1
0014v00002mu7iFAAQ,1,1
0014v00002mu2z7AAA,1,1
0014v00002mtyTnAAI,1,1
0014v00002m9MvoAAE,1,1
0014v00002m9D39AAE,1,1
0014v00002m8xBIAAY,1,1
0014v00002m8sMRAAY,1,1
0014v00002m8GRdAAM,1,1
0014v00002m8C9jAAE,1,1
0014v00002mu87nAAA,1,1
0014v00002pSgn1AAC,1,1
0014v00002pSbzVAAS,1,1
0014v00002pSIQZAA4,1,1
0014v00002pRnwrAAC,1,1
0014v00002pRetHAAS,1,1
0014v00002pRd3hAAC,1,1
0014v00002oLVvmAAG,1,1
0014v00002oLThwAAG,1,1
0014v00002oLBzKAAW,1,1
0014v00002mx3uTAAQ,1,1
0014v00002nWVrnAAG,1,1
0014v00002nWEYnAAO,1,1
0014v00002nWBLHAA4,1,1
0014v00002nVs20AAC,1,1
0014v00002nKiyxAAC,1,1
0014v00002nKKUXAA4,1,1
0014v00002nKKQ6AAO,1,1
0014v00002nKKOFAA4,1,1
0014v00002mxg8hAAA,1,1
0014v00002oKbpGAAS,1,1
0014v00002lY3KdAAK,1,1
0014v00002lXkitAAC,1,1
0014v00002lXkVVAA0,1,1
0014v00002ji946AAA,1,1
0014v00002ji8OCAAY,1,1
0014v00002jhWVrAAM,1,1
0014v00002jfbXCAAY,1,1
0014v00002jfFp1AAE,1,1
0014v00002jewyhAAA,1,1
0014v00002m7ogZAAQ,1,1
0014v00002iQPzrAAG,1,1
0014v00002iQLzXAAW,1,1
0014v00002iQHFxAAO,1,1
0014v00002iQFzHAAW,1,1
0014v00002iQFBUAA4,1,1
0014v00002hwkyQAAQ,1,1
0014v00002hvzV6AAI,1,1
0014v00002hvYO4AAM,1,1
0014v00002hv7iVAAQ,1,1
0014v00002jefP9AAI,1,1
0014v00002m7B6BAAU,1,1
0014v00002m7AqgAAE,1,1
0014v00002m7AQOAA2,1,1
0014v00002m7APZAA2,1,1
0014v00002m6uXWAAY,1,1
0014v00002m6n7bAAA,1,1
0014v00002m6LCSAA2,1,1
0014v00002m6F6DAAU,1,1
0014v00002m5RNFAA2,1,1
0014v00002lYMXeAAO,1,1
0014v00002lrA9KAAU,1,1
0014v00002lr6UxAAI,1,1
0014v00002lr6HAAAY,1,1
0014v00002lpqnbAAA,1,1
0014v00002lpqYMAAY,1,1
0014v00002lpY7vAAE,1,1
0014v00002lpGbyAAE,1,1
0014v00002lYdciAAC,1,1
0014v00002lYXudAAG,1,1
0014v00002lYONSAA4,1,1
0014v00002lsegIAAQ,1,1
0014v00002u33U8AAI,1,1
0014v00002u2j9aAAA,1,1
0014v00002u2aazAAA,1,1
0014v00002u1g6wAAA,1,1
0014v00002u1RjEAAU,1,1
0014v00002u13FBAAY,1,1
0014v00002ta0RyAAI,1,1
0014v00002tZXFEAA4,1,1
0014v00002tZIroAAG,1,1
0014v00002pSjXaAAK,1,1
0014v00002syTZHAA2,1,1
0014v00002sySyzAAE,1,1
0014v00002sx9M9AAI,1,1
0014v00002svBhBAAU,1,1
0014v00002sdL6gAAE,1,1
0014v00002sdHOvAAM,1,1
0014v00002sdHLIAA2,1,1
0014v00002sdCHiAAM,1,1
0014v00002sdBKSAA2,1,1
0014v00002tWwkmAAC,1,1
0016g00000BIRVKAA5,1,1
0016g00000BIRVDAA5,1,1
0016g00000BIRVAAA5,1,1
0016g00000AGNnMAAX,1,1
0016g000008jPzcAAE,1,1
0014v00002vJp3cAAC,1,1
0014v00002vJ3zZAAS,1,1
0014v00002vIojWAAS,1,1
0014v00002vIoBHAA0,1,1
0014v00002u3dsIAAQ,1,1
0014v00002uiXL5AAM,1,1
0014v00002uiK3nAAE,1,1
0014v00002uhmmvAAA,1,1
0014v00002ugt5VAAQ,1,1
0014v00002uOo6KAAS,1,1
0014v00002uO7OMAA0,1,1
0014v00002uNU1rAAG,1,1
0014v00002u4GvPAAU,1,1
0014v00002u3ooXAAQ,1,1
0014v00002uik3TAAQ,1,1
0014v00002qkDTgAAM,1,1
0014v00002qjwSUAAY,1,1
0014v00002qjkZqAAI,1,1
0014v00002qjUXWAA2,1,1
0014v00002qj2u3AAA,1,1
0014v00002qiXWMAA2,1,1
0014v00002qiSXkAAM,1,1
0014v00002qiHTpAAM,1,1
0014v00002qhuwqAAA,1,1
0014v00002scdvoAAA,1,1
0014v00002qhrSMAAY,1,1
0014v00002qhSeIAAU,1,1
0014v00002qhLm0AAE,1,1
0014v00002qh8yMAAQ,1,1
0014v00002qh3nyAAA,1,1
0014v00002qgz73AAA,1,1
0014v00002qgtptAAA,1,1
0014v00002qgrjpAAA,1,1
0014v00002pT4wyAAC,1,1
0014v00002qhsoZAAQ,1,1
0014v00002scVBzAAM,1,1
0014v00002sbqqqAAA,1,1
0014v00002sbI6wAAE,1,1
0014v00002sbAFlAAM,1,1
0014v00002saxtHAAQ,1,1
0014v00002sau7HAAQ,1,1
0014v00002saedJAAQ,1,1
0014v00002sabfSAAQ,1,1
0014v00002rtP5NAAU,1,1
0014v00002qkGPJAA2,1,1
0014v00002rt5azAAA,1,1
0014v00002rrn2tAAA,1,1
0014v00002rrgTWAAY,1,1
0014v00002rrQzOAAU,1,1
0014v00002rqpXiAAI,1,1
0014v00002rqJlRAAU,1,1
0014v00002qkfuMAAQ,1,1
0014v00002qkfLpAAI,1,1
0014v00002qkMSGAA2,1,1
0014v00002qkGqvAAE,1,1
0014v00002rtOtWAAU,1,1
0014v00002OxFTmAAN,1,1
0014v00002Owxs8AAB,1,1
0014v00002OwxadAAB,1,1
0014v00002OwvbjAAB,1,1
0014v00002OwRHYAA3,1,1
0014v00002OwM3rAAF,1,1
0014v00002OwM1qAAF,1,1
0014v00002OwIU1AAN,1,1
0014v00002Ob2AJAAZ,1,1
0014v00002hurgGAAQ,1,1
0014v00002Nso8GAAR,1,1
0014v00002Nso6FAAR,1,1
0014v00002Nso0WAAR,1,1
0014v00002NsdvBAAR,1,1
0014v00002NsapiAAB,1,1
0014v00002NsUBVAA3,1,1
0014v00002NsU6xAAF,1,1
0014v00002NsU5kAAF,1,1
001N4000012xCzcIAE,1,1
0014v00002NspJMAAZ,1,1
0014v00002UjvzAAAR,1,1
0014v00002UiaVgAAJ,1,1
0014v00002UiYclAAF,1,1
0014v00002UiCsKAAV,1,1
0014v00002UhqIOAAZ,1,1
0014v00002UhpZ0AAJ,1,1
0014v00002UhWKkAAN,1,1
0014v00002SO5k2AAD,1,1
0014v00002SN2ADAA1,1,1
0014v00002OxojDAAR,1,1
0014v00002SMhr5AAD,1,1
0014v00002SMSCOAA5,1,1
0014v00002SMEgQAAX,1,1
0014v00002RjEdlAAF,1,1
0014v00002RjA8qAAF,1,1
0014v00002Rj4DlAAJ,1,1
0014v00002OzuA9AAJ,1,1
0014v00002OycZzAAJ,1,1
0014v00002OyCUIAA3,1,1
0014v00002SMxdjAAD,1,1
001N400000vY2t0IAC,1,1
001N400000v45RkIAI,1,1
001N400000wu8KrIAI,1,1
0014v00002NsDeyAAF,1,1
001N400000n71UcIAI,1,1
0014v00002KvmBvAAJ,1,1
0014v00002KvdAQAAZ,1,1
0014v00002KvZCWAA3,1,1
0014v00002KvZ6xAAF,1,1
001N4000011yArTIAU,1,1
0014v00002KvXcrAAF,1,1
0014v00002KvXUnAAN,1,1
0014v00002KvWVCAA3,1,1
0014v00002KvPNiAAN,1,1
0014v00002KvPNYAA3,1,1
0014v00002KvM9kAAF,1,1
0014v00002KvEyPAAV,1,1
0014v00002Kv5Y6AAJ,1,1
0014v00002KudGhAAJ,1,1
0014v00002KvY3yAAF,1,1
001N4000011itMPIAY,1,1
001N4000011KXDIIA4,1,1
001N40000112Qi5IAE,1,1
001N4000010uHx3IAE,1,1
001N4000010AxzHIAS,1,1
001N40000104YllIAE,1,1
001N400000ztwpvIAA,1,1
001N400000zsgwzIAA,1,1
001N400000yPxTmIAK,1,1
001N400000vt9TFIAY,1,1
001N400000yPD2rIAG,1,1
001N400000yEmrsIAC,1,1
001N400000xnpnQIAQ,1,1
001N400000xdzeRIAQ,1,1
001N400000xLADnIAO,1,1
001N400000wv7MkIAI,1,1
0014v00002IdrONAAZ,1,1
001N400000wtMWSIA2,1,1
001N400000w5T02IAE,1,1
001N400000vw9BrIAI,1,1
001N400000yPVXYIA4,1,1
0014v00002ghpnKAAQ,1,1
0014v00002ghUbEAAU,1,1
0014v00002gh0FSAAY,1,1
0014v00002gguLeAAI,1,1
0014v00002ggkpdAAA,1,1
0014v00002ggg44AAA,1,1
0014v00002gg2eoAAA,1,1
0014v00002gg06dAAA,1,1
0014v00002fynzLAAQ,1,1
0014v00002UkfJmAAJ,1,1
0014v00002fvlfiAAA,1,1
0014v00002fvlRWAAY,1,1
0014v00002fF73FAAS,1,1
0014v00002fEupFAAS,1,1
0014v00002fEkmlAAC,1,1
0014v00002fEjp9AAC,1,1
0014v00002fEibqAAC,1,1
0014v00002fEe4UAAS,1,1
0014v00002fEdzlAAC,1,1
0014v00002fyjURAAY,1,1
0014v00002huaavAAA,1,1
0014v00002huXDCAA2,1,1
0014v00002httpaAAA,1,1
0014v00002htrk9AAA,1,1
0014v00002htoQGAAY,1,1
0014v00002htoCiAAI,1,1
0014v00002htmhGAAQ,1,1
0014v00002ht9m7AAA,1,1
0014v00002gjXigAAE,1,1
0014v00002gi4h9AAA,1,1
0014v00002gjROTAA2,1,1
0014v00002gjPfzAAE,1,1
0014v00002gjPWzAAM,1,1
0014v00002gjPRUAA2,1,1
0014v00002gjPA2AAM,1,1
0014v00002gjMVqAAM,1,1
0014v00002gjEY7AAM,1,1
0014v00002gj71jAAA,1,1
0014v00002giNocAAE,1,1
0014v00002giAAHAA2,1,1
0014v00002gjUcMAAU,1,1
0014v00002drJ59AAE,1,1
0014v00002drHvcAAE,1,1
0014v00002dpnH7AAI,1,1
0014v00002dpiUGAAY,1,1
0014v00002dpgWKAAY,1,1
0014v00002cTRiDAAW,1,1
0014v00002cTO7OAAW,1,1
0014v00002cT5yuAAC,1,1
0014v00002cS3z3AAC,1,1
0014v00002fBEZEAA4,1,1
0014v00002ZjBB8AAN,1,1
0014v00002ZjB8dAAF,1,1
0014v00002ZiYcjAAF,1,1
0014v00002ZiCeTAAV,1,1
0014v00002Zi04NAAR,1,1
0014v00002Zhh93AAB,1,1
0014v00002ZhYEIAA3,1,1
0014v00002YCtf7AAD,1,1
0014v00002YA1FGAA1,1,1
0014v00002cRai4AAC,1,1
0014v00002fBEPAAA4,1,1
0014v00002fB9A9AAK,1,1
0014v00002fB2s6AAC,1,1
0014v00002fAzxBAAS,1,1
0014v00002fAwDGAA0,1,1
0014v00002fAstcAAC,1,1
0014v00002fAnMIAA0,1,1
0014v00002fAFn3AAG,1,1
0014v00002f9aaxAAA,1,1
0014v00002drJrYAAU,1,1
0014v00002f9SI6AAM,1,1
0014v00002f9BWkAAM,1,1
0014v00002dt0L0AAI,1,1
0014v00002dsxoDAAQ,1,1
0014v00002dsub4AAA,1,1
0014v00002dsHCnAAM,1,1
0014v00002dsBVrAAM,1,1
0014v00002ds0L2AAI,1,1
0014v00002drKzaAAE,1,1
0014v00002drJsRAAU,1,1
0014v00002f9V9nAAE,1,1
001N4000007jYmPIAU,1,1
001N4000007Oz38IAC,1,1
001N4000007LLNEIA4,1,1
001N4000007IiwHIAS,1,1
001N4000007IFXkIAO,1,1
001N4000006JQBRIA4,1,1
001N400000655VDIAY,1,1
001N400000645sJIAQ,1,1
001N4000005ndKAIAY,1,1
0016g00000BIRVOAA5,1,1
001N4000005PMCDIA4,1,1
001N40000052wt6IAA,1,1
001N4000004zvv7IAA,1,1
001N4000004zrZoIAI,1,1
001N4000004yWSiIAM,1,1
001N4000004wp03IAA,1,1
001N4000003wRjUIAU,1,1
001N4000003vqhpIAA,1,1
001N4000003nxEyIAI,1,1
001N4000005X4d6IAC,1,1
001N400000A6v2sIAB,1,1
001N400000A0s9GIAR,1,1
001N4000009yqg9IAA,1,1
001N4000009mFvnIAE,1,1
001N4000009RYEyIAO,1,1
001N4000009QcpJIAS,1,1
001N4000009OTi3IAG,1,1
001N4000009O1HEIA0,1,1
001N4000009MdwpIAC,1,1
001N40000082WIgIAM,1,1
001N400000953zZIAQ,1,1
001N40000092oa0IAA,1,1
001N4000008vKn5IAE,1,1
001N4000008sTLcIAM,1,1
001N4000008sImfIAE,1,1
001N4000008s2Q9IAI,1,1
001N4000008qL3oIAE,1,1
001N4000008qCTpIAM,1,1
001N4000008eYjCIAU,1,1
001N40000098tGiIAI,1,1
0016g00000PRIeUAAX,1,1
0016g00000PKDorAAH,1,1
0016g00000Oq7unAAB,1,1
0016g00000Oml0TAAR,1,1
0016g00000OmX6OAAV,1,1
0016g00000NuhvpAAB,1,1
0016g00000NuXMJAA3,1,1
0016g00000NuUYDAA3,1,1
0016g00000Nu1jPAAR,1,1
0016g00000tvhU1AAI,1,1
0016g00000MC4aIAAT,1,1
0016g00000MAc0ZAAT,1,1
0016g00000MAFeXAAX,1,1
0016g00000M9JNuAAN,1,1
0016g00000KNVbKAAX,1,1
0016g00000KMpv5AAD,1,1
0016g00000KMldQAAT,1,1
0016g00000KMVhBAAX,1,1
0016g00000KMClDAAX,1,1
0016g00000MC4cYAAT,1,1
0016g00000tuiEeAAI,1,1
0016g00000pHvhvAAC,1,1
0016g00000pFDndAAG,1,1
0016g00000eT4GzAAK,1,1
0016g00000eT48bAAC,1,1
0016g00000eT45CAAS,1,1
0016g00000eStpiAAC,1,1
0016g00000bGJr6AAG,1,1
0016g00000YikAnAAJ,1,1
0016g00000PROLEAA5,1,1
0016g00000X41pkAAB,1,1
0016g00000X3wJvAAJ,1,1
0016g00000X2mg4AAB,1,1
0016g00000W85CvAAJ,1,1
0016g00000VVKa6AAH,1,1
0016g00000VUfhzAAD,1,1
0016g00000VUd2wAAD,1,1
0016g00000UGEzYAAX,1,1
0016g00000PRV2hAAH,1,1
0016g00000PRTibAAH,1,1
0016g00000Y0WrKAAV,1,1
001N400000BEp9BIAT,1,1
001N400000BDBpCIAX,1,1
001N400000BD38FIAT,1,1
001N400000BCkQbIAL,1,1
001N400000BCZN4IAP,1,1
001N400000BBlmrIAD,1,1
001N400000BBWF2IAP,1,1
001N400000BAGLUIA5,1,1
001N400000B9UVCIA3,1,1
001N400000AHjW7IAL,1,1
001N400000B7dj9IAB,1,1
001N400000B6vtLIAR,1,1
001N400000B4jEnIAJ,1,1
001N400000B4OIMIA3,1,1
001N400000B4LqpIAF,1,1
001N400000B3EmVIAV,1,1
001N400000B3Cr7IAF,1,1
001N400000B379tIAB,1,1
001N400000B2O7xIAF,1,1
001N400000B949KIAR,1,1
001N400000C3tIsIAJ,1,1
001N400000C0qu9IAB,1,1
001N400000BzU1GIAV,1,1
001N400000By6DxIAJ,1,1
001N400000Bsh6bIAB,1,1
001N400000Bg28qIAB,1,1
001N400000BZfq1IAD,1,1
001N400000BTMtFIAX,1,1
001N400000BRwCuIAL,1,1
001N400000BFVYEIA5,1,1
001N400000BQIUSIA5,1,1
001N400000BQ4g2IAD,1,1
001N400000BMtifIAD,1,1
001N400000BL4qJIAT,1,1
001N400000BKHzHIAX,1,1
001N400000BK5erIAD,1,1
001N400000BJBr8IAH,1,1
001N400000BJ8y4IAD,1,1
001N400000BFk9JIAT,1,1
001N400000BRbErIAL,1,1
001N400000AphZzIAJ,1,1
001N400000AksHNIAZ,1,1
001N400000AkrzeIAB,1,1
001N400000AkJrcIAF,1,1
001N400000AhKvNIAV,1,1
001N400000Ah9ezIAB,1,1
001N400000Ae0d5IAB,1,1
001N400000AdbnQIAR,1,1
001N400000AdMapIAF,1,1
001N400000B21BQIAZ,1,1
001N400000Ac6DFIAZ,1,1
001N400000AbqbNIAR,1,1
001N400000AbdFzIAJ,1,1
001N400000AY9knIAD,1,1
001N400000AWbUvIAL,1,1
001N400000AKEFgIAP,1,1
001N400000AJlTsIAL,1,1
001N400000AJOaQIAX,1,1
001N400000AHso6IAD,1,1
001N400000AcFl6IAF,1,1
001N400000B1xe1IAB,1,1
001N400000B1ptPIAR,1,1
001N400000B1pmwIAB,1,1
001N400000B1mkDIAR,1,1
001N400000AzNlCIAV,1,1
001N400000AzMcDIAV,1,1
001N400000AzMVkIAN,1,1
001N400000Az9rrIAB,1,1
001N400000Az3RUIAZ,1,1
001N400000AroXMIAZ,1,1
001N400000AyxnbIAB,1,1
001N400000AxezmIAB,1,1
001N400000Awl42IAB,1,1
001N400000AwifnIAB,1,1
001N400000Av4h9IAB,1,1
001N400000AthrNIAR,1,1
001N400000AtbnbIAB,1,1
001N400000AtY1qIAF,1,1
001N400000AsSzVIAV,1,1
001N400000AsMXGIA3,1,1
001N400000AyzhFIAR,1,1
0016g00000BIRXqAAP,1,1
0016g00000BIRXlAAP,1,1
0016g00000BIRXjAAP,1,1
0016g00000BIRXdAAP,1,1
0016g00000BIRXaAAP,1,1
0016g00000BIRXWAA5,1,1
0016g00000BIRXVAA5,1,1
0016g00000BIRXTAA5,1,1
0016g00000BIRXRAA5,1,1
0016g00000KLwifAAD,1,1
0016g00000BIRXKAA5,1,1
0016g00000BIRXJAA5,1,1
0016g00000BIRXIAA5,1,1
0016g00000BIRXGAA5,1,1
0016g00000BIRXEAA5,1,1
0016g00000BIRXCAA5,1,1
0016g00000BIRXBAA5,1,1
0016g00000BIRX5AAP,1,1
0016g00000BIRX4AAP,1,1
0016g00000BIRXQAA5,1,1
0016g00000BIRYhAAP,1,1
0016g00000BIRYfAAP,1,1
0016g00000BIRYXAA5,1,1
0016g00000BIRYSAA5,1,1
0016g00000BIRYPAA5,1,1
0016g00000BIRYNAA5,1,1
0016g00000BIRYLAA5,1,1
0016g00000BIRYKAA5,1,1
0016g00000BIRYGAA5,1,1
0016g00000BIRXrAAP,1,1
0016g00000BIRYCAA5,1,1
0016g00000BIRYAAA5,1,1
0016g00000BIRY9AAP,1,1
0016g00000BIRY4AAP,1,1
0016g00000BIRY3AAP,1,1
0016g00000BIRY0AAP,1,1
0016g00000BIRXvAAP,1,1
0016g00000BIRXuAAP,1,1
0016g00000BIRXtAAP,1,1
0016g00000BIRYFAA5,1,1
0016g00000BIRWCAA5,1,1
0016g00000BIRWBAA5,1,1
0016g00000BIRVsAAP,1,1
0016g00000BIRVrAAP,1,1
0016g00000BIRVpAAP,1,1
0016g00000BIRVoAAP,1,1
0016g00000BIRVnAAP,1,1
0016g00000BIRVjAAP,1,1
0016g00000BIRViAAP,1,1
0016g00000BIRX3AAP,1,1
0016g00000BIRVdAAP,1,1
0016g00000BIRVcAAP,1,1
0016g00000BIRVYAA5,1,1
0016g00000BIRVWAA5,1,1
0016g00000BIRVVAA5,1,1
0016g00000BIRVTAA5,1,1
0016g00000BIRVSAA5,1,1
0016g00000BIRVQAA5,1,1
0016g00000BIRVPAA5,1,1
0016g00000BIRVhAAP,1,1
0016g00000BIRX2AAP,1,1
0016g00000BIRX1AAP,1,1
0016g00000BIRX0AAP,1,1
0016g00000BIRWsAAP,1,1
0016g00000BIRWoAAP,1,1
0016g00000BIRWnAAP,1,1
0016g00000BIRWlAAP,1,1
0016g00000BIRWkAAP,1,1
0016g00000BIRWcAAP,1,1
0016g00000BIRWDAA5,1,1
0016g00000BIRWZAA5,1,1
0016g00000BIRWYAA5,1,1
0016g00000BIRWXAA5,1,1
0016g00000BIRWQAA5,1,1
0016g00000BIRWPAA5,1,1
0016g00000BIRWMAA5,1,1
0016g00000BIRWLAA5,1,1
0016g00000BIRWKAA5,1,1
0016g00000BIRWGAA5,1,1
0016g00000BIRWFAA5,1,1
0016g00000BIRWaAAP,1,1
0016g00000CGChAAAX,1,1
0016g00000BIRcNAAX,1,1
0016g00000BIRcMAAX,1,1
0016g00000BIRcLAAX,1,1
0016g00000BIRcJAAX,1,1
0016g00000BIRcIAAX,1,1
0016g00000BIRcBAAX,1,1
0016g00000BIRc8AAH,1,1
0016g00000BIRbxAAH,1,1
0016g00000BIRYtAAP,1,1
0016g00000BIRbuAAH,1,1
0016g00000BIRbtAAH,1,1
0016g00000BIRbrAAH,1,1
0016g00000BIRbSAAX,1,1
0016g00000BIRbNAAX,1,1
0016g00000BIRalAAH,1,1
0016g00000BIRaeAAH,1,1
0016g00000BIRadAAH,1,1
0016g00000BIRaaAAH,1,1
0016g00000BIRbvAAH,1,1
0016g00000Jdh7ZAAR,1,1
0016g00000IfKdIAAV,1,1
0016g00000FXokxAAD,1,1
0016g00000FXKGDAA5,1,1
0016g00000FWwkDAAT,1,1
0016g00000FVnBuAAL,1,1
0016g00000EHsaTAAT,1,1
0016g00000EHmT4AAL,1,1
0016g00000EGdplAAD,1,1
0016g00000CHruIAAT,1,1
0016g00000Cx3ABAAZ,1,1
0016g00000CK2IdAAL,1,1
0016g00000CJntrAAD,1,1
0016g00000CJg0BAAT,1,1
0016g00000CJYarAAH,1,1
0016g00000CJKP3AAP,1,1
0016g00000CJ5YjAAL,1,1
0016g00000CJ41kAAD,1,1
0016g00000CIzE3AAL,1,1
0016g00000CIzCMAA1,1,1
0016g00000D03tDAAR,1,1
0016g00000BIRZeAAP,1,1
0016g00000BIRZaAAP,1,1
0016g00000BIRZZAA5,1,1
0016g00000BIRZYAA5,1,1
0016g00000BIRZWAA5,1,1
0016g00000BIRZQAA5,1,1
0016g00000BIRZPAA5,1,1
0016g00000BIRZOAA5,1,1
0016g00000BIRZNAA5,1,1
0016g00000BIRaZAAX,1,1
0016g00000BIRZIAA5,1,1
0016g00000BIRZGAA5,1,1
0016g00000BIRZFAA5,1,1
0016g00000BIRZEAA5,1,1
0016g00000BIRZ5AAP,1,1
0016g00000BIRZ2AAP,1,1
0016g00000BIRZ1AAP,1,1
0016g00000BIRYwAAP,1,1
0016g00000BIRYuAAP,1,1
0016g00000BIRZKAA5,1,1
0016g00000BIRaYAAX,1,1
0016g00000BIRaXAAX,1,1
0016g00000BIRaWAAX,1,1
0016g00000BIRaUAAX,1,1
0016g00000BIRaQAAX,1,1
0016g00000BIRaPAAX,1,1
0016g00000BIRaMAAX,1,1
0016g00000BIRaKAAX,1,1
0016g00000BIRaIAAX,1,1
0016g00000BIRZgAAP,1,1
0016g00000BIRaEAAX,1,1
0016g00000BIRaCAAX,1,1
0016g00000BIRaBAAX,1,1
0016g00000BIRa9AAH,1,1
0016g00000BIRa1AAH,1,1
0016g00000BIRZxAAP,1,1
0016g00000BIRZwAAP,1,1
0016g00000BIRZtAAP,1,1
0016g00000BIRZoAAP,1,1
0016g00000BIRZlAAP,1,1
0016g00000BIRaGAAX,1,1
