opportunity_id,account_id,brand,current_stage,potential_revenue,markov_prob_won,markov_prob_lost
006N400000WvgjFIAR,001N400000c3vAUIAY,Poliedro,Enviado para a assinatura,75783.1,0.9491525423728814,0.05084745762711865
006N400000dKoOqIAK,001N400000NlF3XIAV,Poliedro,Enviado para a assinatura,419817.18,0.9491525423728814,0.05084745762711865
006N400000eT0lcIAC,001N400000qWAxeIAG,Poliedro,Enviado para a assinatura,307629.44,0.9491525423728814,0.05084745762711865
006N400000jcG3SIAU,001N400000vY2t0IAC,Polígono,Enviado para a assinatura,121096.02,0.9491525423728814,0.05084745762711865
006N400000YyjGQIAZ,001N4000009EeICIA0,Conviver,Enviado para a assinatura,152925.0,0.9491525423728814,0.05084745762711865
006N400000juwicIAA,001N400000heTzCIAU,Poliedro,Enviado para a assinatura,166714.27,0.9491525423728814,0.05084745762711865
006N400000mm9DRIAY,0014v00002ZitaVAAR,Poliedro,Enviado para a assinatura,268017.98,0.9491525423728814,0.05084745762711865
006N400000aGtrsIAC,001N400000jgLWAIA2,Polígono,Enviado para a assinatura,53448.79,0.9491525423728814,0.05084745762711865
006N400000SqJPpIAN,0014v00002qjwSUAAY,Polígono,Enviado para a assinatura,1184003.9,0.9491525423728814,0.05084745762711865
006N400000eTtWjIAK,001N400000qXP07IAG,Poliedro,Enviado para a assinatura,715546.15,0.9491525423728814,0.05084745762711865
006N400000cqFmjIAE,001N400000hf3I3IAI,Polígono,Enviado para a assinatura,15980.94,0.9491525423728814,0.05084745762711865
006N400000oCyJnIAK,001N4000012grs8IAA,Conviver,Análise do Jurídico,56146.59,0.9180327868852459,0.0819672131147541
006N400000o725EIAQ,001N4000012grs8IAA,Polígono,Análise do Jurídico,371415.58,0.9180327868852459,0.0819672131147541
006N400000fTwVdIAK,001N400000Gs9t8IAB,Poliedro,Análise do Jurídico,136995.73,0.9180327868852459,0.0819672131147541
006N400000jJAUnIAO,001N400000Gs9t8IAB,Polígono,Análise do Jurídico,110385.53,0.9180327868852459,0.0819672131147541
006N400000ZybtkIAB,0016g00000AGNnMAAX,Conviver,Análise de operações comerciais,75135.78,0.8306010928961749,0.16939890710382513
006N400000bWx7iIAC,001N400000hO981IAC,Poliedro,Documentação enviada,1950612.43,0.8306010928961749,0.16939890710382513
006N400000oJaHVIA0,001N4000012xCzcIAE,Polígono,Documentação enviada,170305.95,0.8306010928961749,0.16939890710382513
006N400000nMCKuIAO,001N400000NlDJlIAN,Conviver,Negociação e ajuste financeiro,72548.52,0.6229508196721312,0.3770491803278688
006N400000X182HIAR,001N400000NmnKfIAJ,Poliedro,Negociação e ajuste financeiro,305426.79,0.6229508196721312,0.3770491803278688
006N400000WtlgbIAB,0016g00000IfKdIAAV,Poliedro,Negociação e ajuste financeiro,371919.75,0.6229508196721312,0.3770491803278688
006N400000WvLV9IAN,001N400000Z4lQxIAJ,Polígono,Negociação e ajuste financeiro,218743.29,0.6229508196721312,0.3770491803278688
006N400000WzIorIAF,001N400000NlLobIAF,Polígono,Negociação e ajuste financeiro,643358.86,0.6229508196721312,0.3770491803278688
006N400000g0LRfIAM,001N400000NlEybIAF,Polígono,Negociação e ajuste financeiro,159065.2,0.6229508196721312,0.3770491803278688
006N400000hjM24IAE,001N400000hf3f7IAA,Polígono,Negociação e ajuste financeiro,221485.72,0.6229508196721312,0.3770491803278688
006N400000YrTl4IAF,001N400000Dh06wIAB,Poliedro,Negociação e ajuste financeiro,683771.67,0.6229508196721312,0.3770491803278688
006N400000iepSIIAY,001N400000NlGCTIA3,Conviver,Negociação e ajuste financeiro,41503.63,0.6229508196721312,0.3770491803278688
006N400000fYuhhIAC,001N400000NlGCTIA3,Polígono,Negociação e ajuste financeiro,239907.81,0.6229508196721312,0.3770491803278688
006N400000fd5oHIAQ,0014v00002muNm1AAE,Conviver,Negociação e ajuste financeiro,27403.94,0.6229508196721312,0.3770491803278688
006N400000eoVUhIAM,0014v00002Ujw4LAAR,Poliedro,Negociação e ajuste financeiro,223738.85,0.6229508196721312,0.3770491803278688
006N400000fefGCIAY,001N400000NlF6fIAF,Polígono,Negociação e ajuste financeiro,168437.15,0.6229508196721312,0.3770491803278688
006N400000fMQp3IAG,001N400000BJ8y4IAD,Polígono,Negociação e ajuste financeiro,375356.2,0.6229508196721312,0.3770491803278688
006N400000jup2mIAA,001N400000xLADnIAO,Poliedro,Negociação e ajuste financeiro,101068.44,0.6229508196721312,0.3770491803278688
006N400000kxj1pIAA,001N400000NlEybIAF,Conviver,Negociação e ajuste financeiro,42021.57,0.6229508196721312,0.3770491803278688
006N400000im44rIAA,001N400000NlF6fIAF,Conviver,Negociação e ajuste financeiro,90313.43,0.6229508196721312,0.3770491803278688
006N400000juG09IAE,001N400000hf2kRIAQ,Polígono,Negociação e ajuste financeiro,161722.48,0.6229508196721312,0.3770491803278688
006N400000lJHOlIAO,001N400000NlEzYIAV,Poliedro,Negociação e ajuste financeiro,417013.97,0.6229508196721312,0.3770491803278688
006N400000lVtzeIAC,0014v00002Ujw4LAAR,Polígono,Negociação e ajuste financeiro,229838.22,0.6229508196721312,0.3770491803278688
006N400000lWBN3IAO,0014v00002Ujw4LAAR,Conviver,Negociação e ajuste financeiro,112296.27,0.6229508196721312,0.3770491803278688
006N400000dmRAxIAM,001N400000FLaMSIA1,Conviver,Negociação e ajuste financeiro,75759.81,0.6229508196721312,0.3770491803278688
006N400000YzFwDIAV,001N400000OB1h3IAD,Conviver,Negociação e ajuste financeiro,47933.71,0.6229508196721312,0.3770491803278688
006N400000ZDe3WIAT,001N400000A0SOLIA3,Polígono,Negociação e ajuste financeiro,191365.61,0.6229508196721312,0.3770491803278688
006N400000ZETkQIAX,0016g00000EHmT4AAL,Poliedro,Negociação e ajuste financeiro,636743.59,0.6229508196721312,0.3770491803278688
006N400000eDEHRIA4,001N400000hf2oNIAQ,Polígono,Negociação e ajuste financeiro,68591.16,0.6229508196721312,0.3770491803278688
006N400000ZIVlyIAH,001N400000NlDJlIAN,Polígono,Negociação e ajuste financeiro,475458.2,0.6229508196721312,0.3770491803278688
006N400000eLVTCIA4,0014v00002KvwERAAZ,Poliedro,Negociação e ajuste financeiro,719405.71,0.6229508196721312,0.3770491803278688
006N400000cW0LbIAK,0014v00002pRd3hAAC,Polígono,Negociação e ajuste financeiro,300369.73,0.6229508196721312,0.3770491803278688
006N400000bgWe9IAE,001N400000TPWE3IAP,Polígono,Negociação e ajuste financeiro,148432.24,0.6229508196721312,0.3770491803278688
006N400000bjhGRIAY,0014v00002vIoBHAA0,Poliedro,Negociação e ajuste financeiro,106895.45,0.6229508196721312,0.3770491803278688
006N400000bf8FdIAI,0014v00002NBH8iAAH,Conviver,Negociação e ajuste financeiro,44640.65,0.6229508196721312,0.3770491803278688
006N400000bdlrNIAQ,0014v00002NBH8iAAH,Poliedro,Negociação e ajuste financeiro,704756.27,0.6229508196721312,0.3770491803278688
006N400000cExbpIAC,001N400000Nl6DRIAZ,Poliedro,Negociação e ajuste financeiro,554243.53,0.6229508196721312,0.3770491803278688
006N400000c7LTFIA2,001N400000NlLsjIAF,Polígono,Negociação e ajuste financeiro,53769.85,0.6229508196721312,0.3770491803278688
006N400000cKGm1IAG,001N400000M8biVIAR,Polígono,Negociação e ajuste financeiro,516477.85,0.6229508196721312,0.3770491803278688
006N400000cK1ZzIAK,001N400000heyAzIAI,Polígono,Negociação e ajuste financeiro,40366.64,0.6229508196721312,0.3770491803278688
006N400000af6MUIAY,001N400000BFVYEIA5,Poliedro,Negociação e ajuste financeiro,222723.54,0.6229508196721312,0.3770491803278688
006N400000bGResIAG,0014v00002SMSCOAA5,Polígono,Negociação e ajuste financeiro,1208994.01,0.6229508196721312,0.3770491803278688
006N400000ZYJgrIAH,001N400000NlDKHIA3,Poliedro,Negociação e ajuste financeiro,54973.1,0.6229508196721312,0.3770491803278688
006N400000ZXyFoIAL,0014v00002oLThwAAG,Poliedro,Negociação e ajuste financeiro,46727.18,0.6229508196721312,0.3770491803278688
006N400000a0n0uIAA,0014v00002gjYucAAE,Polígono,Negociação e ajuste financeiro,70258.04,0.6229508196721312,0.3770491803278688
006N400000ZybtKIAR,001N400000aTP4oIAG,Conviver,Negociação e ajuste financeiro,27757.26,0.6229508196721312,0.3770491803278688
006N400000a7vMfIAI,001N400000NmcN5IAJ,Poliedro,Negociação e ajuste financeiro,190940.41,0.6229508196721312,0.3770491803278688
006N400000aCVmYIAW,0014v00002muNm1AAE,Polígono,Negociação e ajuste financeiro,35828.53,0.6229508196721312,0.3770491803278688
006N400000ZpranIAB,0016g00000X3wJvAAJ,Poliedro,Negociação e ajuste financeiro,849644.73,0.6229508196721312,0.3770491803278688
006N400000ZybnSIAR,0016g00000BIRcMAAX,Conviver,Negociação e ajuste financeiro,109328.31,0.6229508196721312,0.3770491803278688
006N400000WrSqAIAV,0014v00002m6NHRAA2,Poliedro,Negociação e ajuste financeiro,430702.27,0.6229508196721312,0.3770491803278688
006N400000Wt5vvIAB,0014v00002qiSXkAAM,Poliedro,Negociação e ajuste financeiro,837673.64,0.6229508196721312,0.3770491803278688
006N400000WrKKlIAN,001N400000NlEyWIAV,Poliedro,Negociação e ajuste financeiro,837856.9,0.6229508196721312,0.3770491803278688
006N400000WKfJ9IAL,0014v00002NsU6xAAF,Poliedro,Negociação e ajuste financeiro,507000.0,0.6229508196721312,0.3770491803278688
006N400000VXCYPIA5,001N400000B1ptPIAR,Poliedro,Negociação e ajuste financeiro,358000.0,0.6229508196721312,0.3770491803278688
006N400000VDpUZIA1,001N400000JTa0OIAT,Polígono,Negociação e ajuste financeiro,145229.1,0.6229508196721312,0.3770491803278688
006N400000nv1XpIAI,001N400000yvLgJIAU,Poliedro,Proposta personalizada,51154.0,0.3060109289617486,0.6939890710382514
006N400000ZkCy5IAF,001N400000NlAh4IAF,Polígono,Proposta personalizada,117543.99,0.3060109289617486,0.6939890710382514
006N400000ZybnAIAR,0016g00000BIRa1AAH,Conviver,Proposta personalizada,0.0,0.3060109289617486,0.6939890710382514
006N400000ZmdnhIAB,0014v00002KvmBvAAJ,Polígono,Proposta personalizada,277218.68,0.3060109289617486,0.6939890710382514
006N400000ZgmtkIAB,001N400000LCNknIAH,Poliedro,Proposta personalizada,143991.0,0.3060109289617486,0.6939890710382514
006N400000ZjcGXIAZ,001N400000NlFgqIAF,Conviver,Proposta personalizada,116525.69,0.3060109289617486,0.6939890710382514
006N400000oJVgBIAW,001N400000AphZzIAJ,Polígono,Proposta personalizada,118067.97,0.3060109289617486,0.6939890710382514
006N400000m4UDZIA2,001N400000HQOPtIAP,Polígono,Proposta personalizada,53889.6,0.3060109289617486,0.6939890710382514
006N400000lviMGIAY,001N40000104YllIAE,Poliedro,Proposta personalizada,36926.4,0.3060109289617486,0.6939890710382514
006N400000lwtInIAI,001N400000A257XIAR,Polígono,Proposta personalizada,154854.45,0.3060109289617486,0.6939890710382514
006N400000lKjIrIAK,001N400000EckGLIAZ,Polígono,Proposta personalizada,100606.9,0.3060109289617486,0.6939890710382514
006N400000ZnvtrIAB,001N400000jqMfVIAU,Polígono,Proposta personalizada,223819.42,0.3060109289617486,0.6939890710382514
006N400000Zo1pZIAR,0014v00002gfizkAAA,Polígono,Proposta personalizada,82235.48,0.3060109289617486,0.6939890710382514
006N400000ZpsdMIAR,001N400000heW0hIAE,Polígono,Proposta personalizada,54856.32,0.3060109289617486,0.6939890710382514
006N400000lSo8TIAS,001N400000yvLgJIAU,Polígono,Proposta personalizada,64090.75,0.3060109289617486,0.6939890710382514
006N400000ZpyajIAB,0016g00000tvhU1AAI,Polígono,Proposta personalizada,258533.52,0.3060109289617486,0.6939890710382514
006N400000emvt3IAA,001N400000NlF6SIAV,Poliedro,Proposta personalizada,54766.8,0.3060109289617486,0.6939890710382514
006N400000gSTyHIAW,0014v00002f9SI6AAM,Poliedro,Proposta personalizada,163736.1,0.3060109289617486,0.6939890710382514
006N400000ZybprIAB,0016g00000BIRZZAA5,Conviver,Proposta personalizada,61258.2,0.3060109289617486,0.6939890710382514
006N400000iYs9ZIAS,001N400000hedGBIAY,Poliedro,Proposta personalizada,60064.84,0.3060109289617486,0.6939890710382514
006N400000iWhgPIAS,001N400000JkLUrIAN,Polígono,Proposta personalizada,202233.89,0.3060109289617486,0.6939890710382514
006N400000iU9iwIAC,001N400000OB1ghIAD,Polígono,Proposta personalizada,106923.75,0.3060109289617486,0.6939890710382514
006N400000gkg0sIAA,001N400000heajxIAA,Polígono,Proposta personalizada,140709.22,0.3060109289617486,0.6939890710382514
006N400000h5buDIAQ,001N400000JkC1eIAF,Poliedro,Proposta personalizada,462644.04,0.3060109289617486,0.6939890710382514
006N400000heBjyIAE,001N400000NlAiQIAV,Polígono,Proposta personalizada,247056.0,0.3060109289617486,0.6939890710382514
006N400000heE9yIAE,001N400000NlAiQIAV,Conviver,Proposta personalizada,75377.17,0.3060109289617486,0.6939890710382514
006N400000gNBx3IAG,0014v00002lY3KdAAK,Conviver,Proposta personalizada,99308.58,0.3060109289617486,0.6939890710382514
006N400000XBTBmIAP,0014v00002KvM9kAAF,Poliedro,Proposta personalizada,73034.77,0.3060109289617486,0.6939890710382514
006N400000XtDODIA3,001N400000E5KxMIAV,Conviver,Proposta personalizada,205466.97,0.3060109289617486,0.6939890710382514
006N400000Y9dJWIAZ,001N400000SKU0GIAX,Polígono,Proposta personalizada,137488.08,0.3060109289617486,0.6939890710382514
006N400000Yt3BOIAZ,001N4000008vKn5IAE,Polígono,Proposta personalizada,357836.53,0.3060109289617486,0.6939890710382514
006N400000ZybnBIAR,0016g00000BIRaUAAX,Conviver,Proposta personalizada,36302.02,0.3060109289617486,0.6939890710382514
006N400000j8xkHIAQ,0014v00002IdswnAAB,Poliedro,Proposta personalizada,234170.7,0.3060109289617486,0.6939890710382514
006N400000jhxvlIAA,0014v00002svBhBAAU,Polígono,Proposta personalizada,460604.13,0.3060109289617486,0.6939890710382514
006N400000ag5jNIAQ,001N400000B4LqpIAF,Poliedro,Proposta personalizada,369275.57,0.3060109289617486,0.6939890710382514
006N400000agBbrIAE,001N400000GhJnnIAF,Conviver,Proposta personalizada,51760.41,0.3060109289617486,0.6939890710382514
006N400000ZafmsIAB,001N40000098tGiIAI,Poliedro,Proposta personalizada,840041.92,0.3060109289617486,0.6939890710382514
006N400000ZZVcgIAH,0014v00002UiaVgAAJ,Poliedro,Proposta personalizada,1663664.29,0.3060109289617486,0.6939890710382514
006N400000bLVLJIA4,001N400000hedFxIAI,Poliedro,Proposta personalizada,105508.53,0.3060109289617486,0.6939890710382514
006N400000bJ1ZPIA0,001N400000RkQZWIA3,Poliedro,Proposta personalizada,400000.0,0.3060109289617486,0.6939890710382514
006N400000bMkRtIAK,0014v00002m7ogZAAQ,Polígono,Proposta personalizada,170305.95,0.3060109289617486,0.6939890710382514
006N400000bMZxxIAG,001N400000E3vPvIAJ,Polígono,Proposta personalizada,191710.31,0.3060109289617486,0.6939890710382514
006N400000bGLEVIA4,001N400000JkC1eIAF,Polígono,Proposta personalizada,260538.19,0.3060109289617486,0.6939890710382514
006N400000aoQyhIAE,0014v00002fAzxBAAS,Polígono,Proposta personalizada,450810.47,0.3060109289617486,0.6939890710382514
006N400000WvfnEIAR,001N400000KgtMRIAZ,Polígono,Proposta personalizada,186496.27,0.3060109289617486,0.6939890710382514
006N400000aM1WzIAK,0014v00002ta6gEAAQ,Poliedro,Proposta personalizada,1027714.22,0.3060109289617486,0.6939890710382514
006N400000aN6BFIA0,001N400000heeRTIAY,Polígono,Proposta personalizada,50857.7,0.3060109289617486,0.6939890710382514
006N400000aM4wHIAS,001N400000Az3RUIAZ,Poliedro,Proposta personalizada,450000.0,0.3060109289617486,0.6939890710382514
006N400000aPg2YIAS,001N400000AbpFVIAZ,Poliedro,Proposta personalizada,705897.5,0.3060109289617486,0.6939890710382514
006N400000bFnRMIA0,0016g00000MAnLoAAL,Poliedro,Proposta personalizada,434582.9,0.3060109289617486,0.6939890710382514
006N400000cZATKIA4,001N400000NlF4hIAF,Poliedro,Proposta personalizada,118297.04,0.3060109289617486,0.6939890710382514
006N400000csEUpIAM,0014v00002qhLm0AAE,Polígono,Proposta personalizada,138000.0,0.3060109289617486,0.6939890710382514
006N400000ecricIAA,001N400000OBHnvIAH,Poliedro,Proposta personalizada,218472.01,0.3060109289617486,0.6939890710382514
006N400000ec7EPIAY,001N400000OBHnvIAH,Conviver,Proposta personalizada,42559.14,0.3060109289617486,0.6939890710382514
006N400000ZybpxIAB,0016g00000BIRVTAA5,Conviver,Proposta personalizada,63512.25,0.3060109289617486,0.6939890710382514
006N400000eHTudIAG,001N400000hR8wyIAC,Polígono,Proposta personalizada,154063.46,0.3060109289617486,0.6939890710382514
006N400000ZMGEsIAP,001N400000AyzhFIAR,Poliedro,Proposta personalizada,1242920.94,0.3060109289617486,0.6939890710382514
006N400000eXQWMIA4,0014v00002RjA8qAAF,Poliedro,Proposta personalizada,453520.0,0.3060109289617486,0.6939890710382514
006N400000exeC6IAI,001N400000NlDE9IAN,Poliedro,Proposta personalizada,358404.0,0.3060109289617486,0.6939890710382514
006N400000ZybpsIAB,0016g00000BIRZgAAP,Conviver,Proposta personalizada,73237.79,0.3060109289617486,0.6939890710382514
006N400000fVXzRIAW,0014v00002UjvzAAAR,Poliedro,Proposta personalizada,1229966.59,0.3060109289617486,0.6939890710382514
006N400000Zybq0IAB,001N400000HX7SNIA1,Conviver,Proposta personalizada,143664.88,0.3060109289617486,0.6939890710382514
006N400000ZB4yeIAD,001N400000LGM71IAH,Polígono,Proposta personalizada,484023.0,0.3060109289617486,0.6939890710382514
006N400000ZybtnIAB,0016g00000EGdplAAD,Conviver,Proposta personalizada,12877.8,0.3060109289617486,0.6939890710382514
006N400000Zybu8IAB,0014v00002fynzLAAQ,Conviver,Proposta personalizada,43462.98,0.3060109289617486,0.6939890710382514
006N400000ZybvJIAR,001N4000005ndKAIAY,Conviver,Proposta personalizada,48497.92,0.3060109289617486,0.6939890710382514
006N400000dMJ3yIAG,001N400000NlFgjIAF,Poliedro,Proposta personalizada,250785.69,0.3060109289617486,0.6939890710382514
006N400000dkw7NIAQ,001N400000heajxIAA,Poliedro,Proposta personalizada,21933.22,0.3060109289617486,0.6939890710382514
006N400000a7JFhIAM,001N400000NlD96IAF,Poliedro,Proposta personalizada,371982.47,0.3060109289617486,0.6939890710382514
006N400000a9HUjIAM,0014v00002OxojDAAR,Polígono,Proposta personalizada,355506.96,0.3060109289617486,0.6939890710382514
006N400000brWSfIAM,0014v00002gjPA2AAM,Poliedro,Proposta personalizada,338415.93,0.3060109289617486,0.6939890710382514
006N400000ZybwCIAR,001N400000EnT7FIAV,Conviver,Proposta personalizada,58571.09,0.3060109289617486,0.6939890710382514
006N400000cLuVxIAK,001N400000CKWOOIA5,Polígono,Proposta personalizada,95475.04,0.3060109289617486,0.6939890710382514
006N400000cGQWxIAO,001N400000heYi3IAE,Polígono,Proposta personalizada,79029.0,0.3060109289617486,0.6939890710382514
006N400000jpI95IAE,0016g00000MAnLoAAL,Polígono,Proposta tabela,704848.26,0.2157582480726355,0.7842417519273646
006N400000k7GqLIAU,001N400000AzMcDIAV,Polígono,Proposta tabela,123000.0,0.2157582480726355,0.7842417519273646
006N400000ZmnNHIAZ,0014v00002cT5yuAAC,Polígono,Proposta tabela,627719.92,0.2157582480726355,0.7842417519273646
006N400000nOALQIA4,001N400000NlF2qIAF,Polígono,Proposta tabela,182555.63,0.2157582480726355,0.7842417519273646
006N400000mL0MLIA0,001N400000hf3MZIAY,Poliedro,Proposta tabela,46609.89,0.2157582480726355,0.7842417519273646
006N400000nD30jIAC,001N400000heBDVIA2,Polígono,Proposta tabela,18664.0,0.2157582480726355,0.7842417519273646
006N400000nDyBuIAK,001N400000heBDVIA2,Conviver,Proposta tabela,14290.8,0.2157582480726355,0.7842417519273646
006N400000ldLccIAE,001N400000hf3JBIAY,Polígono,Proposta tabela,10940.3,0.2157582480726355,0.7842417519273646
006N400000oMhBCIA0,001N400000CM4vmIAD,Polígono,Proposta tabela,342011.59,0.2157582480726355,0.7842417519273646
006N400000WtASaIAN,001N400000bkg74IAA,Poliedro,Proposta tabela,262372.27,0.2157582480726355,0.7842417519273646
006N400000kAS5RIAW,001N400000xnpnQIAQ,Polígono,Proposta tabela,190000.0,0.2157582480726355,0.7842417519273646
006N400000kYVwaIAG,0014v00002uNU1rAAG,Polígono,Proposta tabela,123000.0,0.2157582480726355,0.7842417519273646
006N400000l1MHxIAM,001N400000heQkRIAU,Poliedro,Proposta tabela,23000.0,0.2157582480726355,0.7842417519273646
006N400000l8WPRIA2,0016g00000OmX6OAAV,Poliedro,Proposta tabela,1607039.34,0.2157582480726355,0.7842417519273646
006N400000lEyJ1IAK,001N4000009N1KnIAK,Polígono,Proposta tabela,644269.37,0.2157582480726355,0.7842417519273646
006N400000ZpxrVIAR,001N400000B949KIAR,Conviver,Proposta tabela,65114.89,0.2157582480726355,0.7842417519273646
006N400000lFnDRIA0,001N4000009N1KnIAK,Conviver,Proposta tabela,132514.67,0.2157582480726355,0.7842417519273646
006N400000Wt9bQIAR,0014v00002gjROTAA2,Poliedro,Proposta tabela,1294089.86,0.2157582480726355,0.7842417519273646
006N400000gAECnIAO,001N400000scSvSIAU,Polígono,Proposta tabela,72728.8,0.2157582480726355,0.7842417519273646
006N400000hTtLKIA0,001N400000uPGscIAG,Poliedro,Proposta tabela,99775.8,0.2157582480726355,0.7842417519273646
006N400000ZybnOIAR,0016g00000BIRc8AAH,Conviver,Proposta tabela,93741.29,0.2157582480726355,0.7842417519273646
006N400000YPt97IAD,001N400000LrA0SIAV,Poliedro,Proposta tabela,375260.75,0.2157582480726355,0.7842417519273646
006N400000YQCA4IAP,001N4000009yqg9IAA,Poliedro,Proposta tabela,620245.06,0.2157582480726355,0.7842417519273646
006N400000YQA3PIAX,0014v00002OwxadAAB,Poliedro,Proposta tabela,3820776.2,0.2157582480726355,0.7842417519273646
006N400000ZHjvqIAD,001N400000iq18YIAQ,Poliedro,Proposta tabela,28744.76,0.2157582480726355,0.7842417519273646
006N400000ZMBOtIAP,0014v00002SO5k2AAD,Polígono,Proposta tabela,302293.32,0.2157582480726355,0.7842417519273646
006N400000dxdF1IAI,001N400000hedGBIAY,Polígono,Proposta tabela,37801.74,0.2157582480726355,0.7842417519273646
006N400000eHh9bIAC,0014v00002ji946AAA,Polígono,Proposta tabela,42643.0,0.2157582480726355,0.7842417519273646
006N400000ZybqsIAB,0016g00000BIRYSAA5,Conviver,Proposta tabela,50212.74,0.2157582480726355,0.7842417519273646
006N400000eHxavIAC,0014v00002vJp3cAAC,Polígono,Proposta tabela,607617.71,0.2157582480726355,0.7842417519273646
006N400000Zybr7IAB,0016g00000BIRVWAA5,Conviver,Proposta tabela,47363.23,0.2157582480726355,0.7842417519273646
006N400000Zybr5IAB,0016g00000BIRcIAAX,Conviver,Proposta tabela,0.0,0.2157582480726355,0.7842417519273646
006N400000ZybtJIAR,0014v00002pRetHAAS,Conviver,Proposta tabela,48165.86,0.2157582480726355,0.7842417519273646
006N400000ZybtOIAR,0014v00002f9BWkAAM,Conviver,Proposta tabela,13682.79,0.2157582480726355,0.7842417519273646
006N400000Zybt6IAB,0014v00002ta0RyAAI,Conviver,Proposta tabela,58348.26,0.2157582480726355,0.7842417519273646
006N400000ZybtHIAR,0014v00002lr6UxAAI,Conviver,Proposta tabela,33751.26,0.2157582480726355,0.7842417519273646
006N400000eMMzFIAW,0014v00002drKzaAAE,Polígono,Proposta tabela,289801.02,0.2157582480726355,0.7842417519273646
006N400000eNy9OIAS,001N400000NlGHdIAN,Polígono,Proposta tabela,105226.08,0.2157582480726355,0.7842417519273646
006N400000eb0iBIAQ,001N400000Ay3QJIAZ,Conviver,Proposta tabela,150000.0,0.2157582480726355,0.7842417519273646
006N400000eQCRXIA4,0014v00002fAYPmAAO,Polígono,Proposta tabela,178467.2,0.2157582480726355,0.7842417519273646
006N400000ZybqNIAR,001N4000005X4d6IAC,Conviver,Proposta tabela,61345.31,0.2157582480726355,0.7842417519273646
006N400000ZybqRIAR,0016g00000BIRXGAA5,Conviver,Proposta tabela,63986.77,0.2157582480726355,0.7842417519273646
006N400000ejyYrIAI,001N400000B2NdKIAV,Poliedro,Proposta tabela,793327.95,0.2157582480726355,0.7842417519273646
006N400000f8DRvIAM,001N400000NlLmxIAF,Poliedro,Proposta tabela,1132571.12,0.2157582480726355,0.7842417519273646
006N400000fwLdxIAE,0014v00002fEjp9AAC,Poliedro,Proposta tabela,74674.68,0.2157582480726355,0.7842417519273646
006N400000ZybnUIAR,0016g00000BIRbtAAH,Conviver,Proposta tabela,23397.75,0.2157582480726355,0.7842417519273646
006N400000ZybnxIAB,0016g00000BIRWMAA5,Conviver,Proposta tabela,213048.18,0.2157582480726355,0.7842417519273646
006N400000ZybnMIAR,0016g00000BIRaPAAX,Conviver,Proposta tabela,135470.31,0.2157582480726355,0.7842417519273646
006N400000ZyboOIAR,0014v00002NsDeyAAF,Conviver,Proposta tabela,0.0,0.2157582480726355,0.7842417519273646
006N400000ieIZgIAM,001N400000DPx3uIAD,Poliedro,Proposta tabela,655606.76,0.2157582480726355,0.7842417519273646
006N400000iQFlHIAW,0014v00002rtOtWAAU,Polígono,Proposta tabela,81176.41,0.2157582480726355,0.7842417519273646
006N400000XA2DfIAL,0014v00002mtoFBAAY,Poliedro,Proposta tabela,438876.87,0.2157582480726355,0.7842417519273646
006N400000hr5qSIAQ,001N400000hev5VIAQ,Polígono,Proposta tabela,186711.34,0.2157582480726355,0.7842417519273646
006N400000htV8uIAE,0016g00000BIRc4AAH,Polígono,Proposta tabela,20997.0,0.2157582480726355,0.7842417519273646
006N400000Zybu0IAB,0014v00002ji8OCAAY,Conviver,Proposta tabela,80428.95,0.2157582480726355,0.7842417519273646
006N400000ZybueIAB,0014v00002mwrZdAAI,Conviver,Proposta tabela,10253.89,0.2157582480726355,0.7842417519273646
006N400000bbI0mIAE,0014v00002Nso3uAAB,Conviver,Proposta tabela,453318.52,0.2157582480726355,0.7842417519273646
006N400000bqKrpIAE,001N400000IJS9XIAX,Poliedro,Proposta tabela,295706.92,0.2157582480726355,0.7842417519273646
006N400000cFuiRIAS,001N400000Ay3QJIAZ,Poliedro,Proposta tabela,1347397.35,0.2157582480726355,0.7842417519273646
006N400000cNy0pIAC,001N4000009O1HEIA0,Poliedro,Proposta tabela,372264.98,0.2157582480726355,0.7842417519273646
006N400000cMIhzIAG,001N400000C8tEwIAJ,Polígono,Proposta tabela,203266.24,0.2157582480726355,0.7842417519273646
006N400000cW9tWIAS,001N400000hf2bRIAQ,Polígono,Proposta tabela,251681.28,0.2157582480726355,0.7842417519273646
006N400000ZybwBIAR,001N400000EjmYNIAZ,Conviver,Proposta tabela,78965.49,0.2157582480726355,0.7842417519273646
006N400000ZybveIAB,0016g00000tuiEeAAI,Conviver,Proposta tabela,0.0,0.2157582480726355,0.7842417519273646
006N400000cq4RRIAY,0016g00000BIRYGAA5,Conviver,Proposta tabela,116127.07,0.2157582480726355,0.7842417519273646
006N400000cnlXoIAI,001N400000CMELdIAP,Polígono,Proposta tabela,405572.68,0.2157582480726355,0.7842417519273646
006N400000cnakTIAQ,001N400000NR2M4IAL,Polígono,Proposta tabela,259434.7,0.2157582480726355,0.7842417519273646
006N400000ZybumIAB,0014v00002KwYCdAAN,Conviver,Proposta tabela,117988.07,0.2157582480726355,0.7842417519273646
006N400000dkzzjIAA,0016g00000BIRYnAAP,Conviver,Proposta tabela,175456.0,0.2157582480726355,0.7842417519273646
006N400000dlCCAIA2,0016g00000BIRYnAAP,Polígono,Proposta tabela,483626.31,0.2157582480726355,0.7842417519273646
006N400000Z2oasIAB,001N400000AkrzeIAB,Poliedro,Proposta tabela,304981.86,0.2157582480726355,0.7842417519273646
006N400000dEI8IIAW,001N400000ItgVhIAJ,Polígono,Proposta tabela,614870.68,0.2157582480726355,0.7842417519273646
006N400000ZyburIAB,0014v00002pSIQZAA4,Conviver,Proposta tabela,54194.58,0.2157582480726355,0.7842417519273646
006N400000ZybupIAB,0014v00002fB9A9AAK,Conviver,Proposta tabela,0.0,0.2157582480726355,0.7842417519273646
006N400000bMvjtIAC,001N400000hJxN0IAK,Poliedro,Proposta tabela,1307542.43,0.2157582480726355,0.7842417519273646
006N400000ZN0WGIA1,001N400000NlM1yIAF,Poliedro,Proposta tabela,1151029.88,0.2157582480726355,0.7842417519273646
006N400000aIffuIAC,001N400000CLmiiIAD,Conviver,Proposta tabela,179610.2,0.2157582480726355,0.7842417519273646
006N400000ZaeNoIAJ,0014v00002KvZCWAA3,Poliedro,Proposta tabela,704563.5,0.2157582480726355,0.7842417519273646
006N400000aITV7IAO,001N400000CLmiiIAD,Poliedro,Proposta tabela,457572.84,0.2157582480726355,0.7842417519273646
006N400000a6oJxIAI,001N400000BXHNAIA5,Polígono,Proposta tabela,41307.16,0.2157582480726355,0.7842417519273646
006N400000bM92XIAS,001N400000NlDw9IAF,Polígono,Proposta tabela,338527.72,0.2157582480726355,0.7842417519273646
006N400000aNHRfIAO,001N400000MzBOVIA3,Polígono,Proposta tabela,119560.32,0.2157582480726355,0.7842417519273646
006N400000b40SQIAY,0014v00002mwkN0AAI,Conviver,Proposta tabela,108528.5,0.2157582480726355,0.7842417519273646
006N400000aOskBIAS,0014v00002qkMSGAA2,Poliedro,Proposta tabela,91036.0,0.2157582480726355,0.7842417519273646
006N400000aKHxjIAG,0014v00002qhuwqAAA,Poliedro,Proposta tabela,48688.97,0.2157582480726355,0.7842417519273646
006N400000au44LIAQ,001N400000SN8WHIA1,Poliedro,Proposta tabela,483626.31,0.2157582480726355,0.7842417519273646
006N400000aTqEjIAK,0016g00000BIRYKAA5,Poliedro,Proposta tabela,738452.31,0.2157582480726355,0.7842417519273646
006N400000o7cgWIAQ,001N400000K5XflIAF,Polígono,Proposta tabela,257630.12,0.2157582480726355,0.7842417519273646
006N400000AZoSRIA1,001N400000C8XpZIAV,Polígono,Validação pedagógica,161441.0,0.10138542919141319,0.8986145708085871
006N400000ZmlrhIAB,001N400000GlhbOIAR,Polígono,Validação pedagógica,285933.7,0.10138542919141319,0.8986145708085871
006N400000ZjzRQIAZ,0014v00002pRnwrAAC,Poliedro,Validação pedagógica,879338.4,0.10138542919141319,0.8986145708085871
006N400000ZhOEDIA3,001N400000IhrtBIAR,Poliedro,Validação pedagógica,875854.0,0.10138542919141319,0.8986145708085871
006N400000ZhBqTIAV,001N400000NlF3xIAF,Polígono,Validação pedagógica,256100.0,0.10138542919141319,0.8986145708085871
006N400000aXW7hIAG,001N400000Nl8SeIAJ,Polígono,Validação pedagógica,137139.0,0.10138542919141319,0.8986145708085871
006N400000aVvzlIAC,001N400000NlDDnIAN,Poliedro,Validação pedagógica,729469.96,0.10138542919141319,0.8986145708085871
006N400000X1PHVIA3,0014v00002OwM1qAAF,Poliedro,Validação pedagógica,1228697.64,0.10138542919141319,0.8986145708085871
006N400000WzaVjIAJ,001N400000DjPkbIAF,Poliedro,Validação pedagógica,728253.18,0.10138542919141319,0.8986145708085871
006N400000WzOKjIAN,0014v00002saxtHAAQ,Poliedro,Validação pedagógica,159070.5,0.10138542919141319,0.8986145708085871
006N400000WviRhIAJ,0014v00002NBHIbAAP,Polígono,Validação pedagógica,465722.0,0.10138542919141319,0.8986145708085871
006N400000WvflZIAR,001N400000c6Wx0IAE,Polígono,Validação pedagógica,159408.4,0.10138542919141319,0.8986145708085871
006N400000WvKHMIA3,0014v00002NsUBVAA3,Polígono,Validação pedagógica,168222.0,0.10138542919141319,0.8986145708085871
006N400000mmPdDIAU,0016g00000PRTibAAH,Poliedro,Validação pedagógica,366547.2,0.10138542919141319,0.8986145708085871
006N400000mjrxNIAQ,001N40000111CHSIA2,Poliedro,Validação pedagógica,111880.8,0.10138542919141319,0.8986145708085871
006N400000midGjIAI,001N40000111CHSIA2,Polígono,Validação pedagógica,111050.8,0.10138542919141319,0.8986145708085871
006N400000m90RmIAI,001N400000Ep3qQIAR,Conviver,Validação pedagógica,18697.52,0.10138542919141319,0.8986145708085871
006N400000m8GYeIAM,001N400000Ep3qQIAR,Poliedro,Validação pedagógica,34593.68,0.10138542919141319,0.8986145708085871
006N400000m1GQVIA2,001N400000hei9cIAA,Polígono,Validação pedagógica,330028.3,0.10138542919141319,0.8986145708085871
006N400000lT57iIAC,001N400000vvO4vIAE,Conviver,Validação pedagógica,123010.0,0.10138542919141319,0.8986145708085871
006N400000Zybn1IAB,0016g00000BIRZ1AAP,Conviver,Validação pedagógica,0.0,0.10138542919141319,0.8986145708085871
006N400000aP2l3IAC,0014v00002OzuA9AAJ,Polígono,Validação pedagógica,253232.0,0.10138542919141319,0.8986145708085871
006N400000aO6kHIAS,001N400000BzU1GIAV,Polígono,Validação pedagógica,94566.48,0.10138542919141319,0.8986145708085871
006N400000aMwOnIAK,0016g00000MC4lwAAD,Conviver,Validação pedagógica,154324.17,0.10138542919141319,0.8986145708085871
006N400000aMXS7IAO,001N400000NlGI7IAN,Conviver,Validação pedagógica,68338.15,0.10138542919141319,0.8986145708085871
006N400000aMOGiIAO,0014v00002drHvcAAE,Polígono,Validação pedagógica,415373.96,0.10138542919141319,0.8986145708085871
006N400000aL1NmIAK,001N400000BRbErIAL,Poliedro,Validação pedagógica,458524.4,0.10138542919141319,0.8986145708085871
006N400000aKpzRIAS,001N400000NlGI7IAN,Poliedro,Validação pedagógica,275396.92,0.10138542919141319,0.8986145708085871
006N400000b1GF7IAM,001N400000DJMrmIAH,Polígono,Validação pedagógica,121063.88,0.10138542919141319,0.8986145708085871
006N400000atMJTIA2,001N400000FEZOiIAP,Polígono,Validação pedagógica,109403.0,0.10138542919141319,0.8986145708085871
006N400000arcNWIAY,001N4000008s2Q9IAI,Polígono,Validação pedagógica,512200.0,0.10138542919141319,0.8986145708085871
006N400000arawfIAA,001N400000E3wZ3IAJ,Polígono,Validação pedagógica,164830.96,0.10138542919141319,0.8986145708085871
006N400000ao4uvIAA,0014v00002htoCiAAI,Polígono,Validação pedagógica,109476.4,0.10138542919141319,0.8986145708085871
006N400000ajbZoIAI,001N400000BKHzHIAX,Poliedro,Validação pedagógica,142335.2,0.10138542919141319,0.8986145708085871
006N400000aiDmPIAU,001N400000NlDEBIA3,Polígono,Validação pedagógica,62356.56,0.10138542919141319,0.8986145708085871
006N400000aezxhIAA,001N400000NlM28IAF,Polígono,Validação pedagógica,236037.62,0.10138542919141319,0.8986145708085871
006N400000bSDGLIA4,001N400000NlF4sIAF,Conviver,Validação pedagógica,237435.72,0.10138542919141319,0.8986145708085871
006N400000bS65CIAS,001N400000NlF4sIAF,Poliedro,Validação pedagógica,1079749.79,0.10138542919141319,0.8986145708085871
006N400000bQEBmIAO,0014v00002KudGhAAJ,Conviver,Validação pedagógica,111786.6,0.10138542919141319,0.8986145708085871
006N400000bPodqIAC,001N400000NlDwOIAV,Poliedro,Validação pedagógica,672931.7,0.10138542919141319,0.8986145708085871
006N400000bPoHFIA0,001N400000NlAaBIAV,Poliedro,Validação pedagógica,477039.55,0.10138542919141319,0.8986145708085871
006N400000bMwZaIAK,001N400000heI7qIAE,Polígono,Validação pedagógica,91426.0,0.10138542919141319,0.8986145708085871
006N400000bMeccIAC,001N400000AdMapIAF,Conviver,Validação pedagógica,82803.0,0.10138542919141319,0.8986145708085871
006N400000bMTHNIA4,001N400000NlBr9IAF,Polígono,Validação pedagógica,109803.9,0.10138542919141319,0.8986145708085871
006N400000bJeHNIA0,001N400000m8NbjIAE,Conviver,Validação pedagógica,60315.56,0.10138542919141319,0.8986145708085871
006N400000bHSqbIAG,001N400000NlDDyIAN,Polígono,Validação pedagógica,179847.22,0.10138542919141319,0.8986145708085871
006N400000bGqqAIAS,001N400000NlBleIAF,Polígono,Validação pedagógica,220554.04,0.10138542919141319,0.8986145708085871
006N400000bGX61IAG,001N400000m8NbjIAE,Polígono,Validação pedagógica,194590.04,0.10138542919141319,0.8986145708085871
006N400000bDXH2IAO,0014v00002NBHBcAAP,Conviver,Validação pedagógica,109326.4,0.10138542919141319,0.8986145708085871
006N400000b1zlhIAA,001N400000Me0eAIAR,Polígono,Validação pedagógica,289605.2,0.10138542919141319,0.8986145708085871
006N400000b1SmYIAU,001N400000Me0eAIAR,Conviver,Validação pedagógica,104406.0,0.10138542919141319,0.8986145708085871
006N400000aRVRBIA4,001N400000CjQh1IAF,Poliedro,Validação pedagógica,902206.7,0.10138542919141319,0.8986145708085871
006N400000a9RymIAE,0014v00002gjXigAAE,Polígono,Validação pedagógica,66264.04,0.10138542919141319,0.8986145708085871
006N400000a9Ps7IAE,0014v00002m8GRdAAM,Polígono,Validação pedagógica,225163.34,0.10138542919141319,0.8986145708085871
006N400000a8i2OIAQ,0014v00002ghpnKAAQ,Conviver,Validação pedagógica,286129.38,0.10138542919141319,0.8986145708085871
006N400000a8Oq2IAE,001N400000NlGL1IAN,Poliedro,Validação pedagógica,369612.52,0.10138542919141319,0.8986145708085871
006N400000a1TkpIAE,001N400000A0s9GIAR,Polígono,Validação pedagógica,120572.18,0.10138542919141319,0.8986145708085871
006N400000ZzuE1IAJ,0014v00002lpqYMAAY,Poliedro,Validação pedagógica,229092.0,0.10138542919141319,0.8986145708085871
006N400000ZNmj1IAD,0016g00000MC4aIAAT,Conviver,Validação pedagógica,56584.6,0.10138542919141319,0.8986145708085871
006N400000ZNBbMIAX,001N400000Nl9XSIAZ,Polígono,Validação pedagógica,358043.6,0.10138542919141319,0.8986145708085871
006N400000ZMKf7IAH,001N400000AJOaQIAX,Poliedro,Validação pedagógica,829962.29,0.10138542919141319,0.8986145708085871
006N400000bWvcBIAS,001N400000hO981IAC,Conviver,Validação pedagógica,553879.7,0.10138542919141319,0.8986145708085871
006N400000bTVZOIA4,001N400000NlDGzIAN,Conviver,Validação pedagógica,93353.91,0.10138542919141319,0.8986145708085871
006N400000bTUzxIAG,001N400000NlDGzIAN,Polígono,Validação pedagógica,211958.14,0.10138542919141319,0.8986145708085871
006N400000Zs00YIAR,001N400000NlDwQIAV,Poliedro,Validação pedagógica,184741.67,0.10138542919141319,0.8986145708085871
006N400000Zp1XOIAZ,001N400000NlM2oIAF,Poliedro,Validação pedagógica,760351.99,0.10138542919141319,0.8986145708085871
006N400000Zoy6YIAR,001N400000KYJ4mIAH,Poliedro,Validação pedagógica,219927.59,0.10138542919141319,0.8986145708085871
006N400000Zn4HdIAJ,001N400000LYCAnIAP,Poliedro,Validação pedagógica,183321.34,0.10138542919141319,0.8986145708085871
006N400000Zmt1FIAR,001N400000By6DxIAJ,Polígono,Validação pedagógica,672476.0,0.10138542919141319,0.8986145708085871
006N400000ZmsefIAB,001N400000Ghzv3IAB,Poliedro,Validação pedagógica,357387.94,0.10138542919141319,0.8986145708085871
006N400000lDfvBIAS,001N400000G9f4OIAR,Polígono,Validação pedagógica,294243.8,0.10138542919141319,0.8986145708085871
006N400000c59XpIAI,001N400000NlLpmIAF,Poliedro,Validação pedagógica,123068.88,0.10138542919141319,0.8986145708085871
006N400000c54uuIAA,001N400000NlLpmIAF,Conviver,Validação pedagógica,128815.86,0.10138542919141319,0.8986145708085871
006N400000c0ZxbIAE,0014v00002qh8yMAAQ,Polígono,Validação pedagógica,240421.42,0.10138542919141319,0.8986145708085871
006N400000bq5PjIAI,0014v00002giNAeAAM,Conviver,Validação pedagógica,140283.24,0.10138542919141319,0.8986145708085871
006N400000bhELlIAM,001N400000Ghzv3IAB,Polígono,Validação pedagógica,213552.0,0.10138542919141319,0.8986145708085871
006N400000bX4tyIAC,001N400000NlLpcIAF,Polígono,Validação pedagógica,87522.4,0.10138542919141319,0.8986145708085871
006N400000ZbqEvIAJ,0016g00000eT4GzAAK,Poliedro,Validação pedagógica,583178.67,0.10138542919141319,0.8986145708085871
006N400000ZbE1RIAV,001N400000Az9rrIAB,Polígono,Validação pedagógica,1126302.7,0.10138542919141319,0.8986145708085871
006N400000ZadoHIAR,001N400000CsfqZIAR,Poliedro,Validação pedagógica,337100.4,0.10138542919141319,0.8986145708085871
006N400000ZZcPhIAL,001N4000009MdwpIAC,Polígono,Validação pedagógica,106233.2,0.10138542919141319,0.8986145708085871
006N400000aIB6jIAG,001N400000M8U7bIAF,Poliedro,Validação pedagógica,248578.22,0.10138542919141319,0.8986145708085871
006N400000aAhTfIAK,001N400000RbKeaIAF,Poliedro,Validação pedagógica,145085.4,0.10138542919141319,0.8986145708085871
006N400000ZybwbIAB,001N400000MTikDIAT,Conviver,Validação pedagógica,20725.64,0.10138542919141319,0.8986145708085871
006N400000Zybw3IAB,001N400000GOrLNIA1,Conviver,Validação pedagógica,0.0,0.10138542919141319,0.8986145708085871
006N400000cPsiVIAS,001N400000BBclDIAT,Poliedro,Validação pedagógica,159482.54,0.10138542919141319,0.8986145708085871
006N400000cPT2YIAW,001N400000ntgVVIAY,Polígono,Validação pedagógica,44782.6,0.10138542919141319,0.8986145708085871
006N400000cNcbOIAS,001N400000Gga5yIAB,Polígono,Validação pedagógica,376322.0,0.10138542919141319,0.8986145708085871
006N400000cLpeOIAS,001N400000NlG12IAF,Poliedro,Validação pedagógica,197612.86,0.10138542919141319,0.8986145708085871
006N400000cFTewIAG,001N400000BBclDIAT,Polígono,Validação pedagógica,196688.72,0.10138542919141319,0.8986145708085871
006N400000kjpIQIAY,001N400000MKDpJIAX,Poliedro,Validação pedagógica,92558.07,0.10138542919141319,0.8986145708085871
006N400000kYtcHIAS,0014v00002iQFzHAAW,Polígono,Validação pedagógica,31258.0,0.10138542919141319,0.8986145708085871
006N400000kE8pdIAC,001N400000xdzeRIAQ,Polígono,Validação pedagógica,24781.79,0.10138542919141319,0.8986145708085871
006N400000kBZ02IAG,001N400000hevtsIAA,Poliedro,Validação pedagógica,261127.12,0.10138542919141319,0.8986145708085871
006N400000ZyboBIAR,0016g00000VUd2wAAD,Conviver,Validação pedagógica,7105.16,0.10138542919141319,0.8986145708085871
006N400000Zybo4IAB,0016g00000CHruIAAT,Conviver,Validação pedagógica,0.0,0.10138542919141319,0.8986145708085871
006N400000ZybnnIAB,0016g00000BIRZPAA5,Conviver,Validação pedagógica,0.0,0.10138542919141319,0.8986145708085871
006N400000jdLdmIAE,0016g00000KMldQAAT,Poliedro,Validação pedagógica,816197.44,0.10138542919141319,0.8986145708085871
006N400000jTZoUIAW,0014v00002qkfLpAAI,Polígono,Validação pedagógica,232868.64,0.10138542919141319,0.8986145708085871
006N400000dZe95IAC,001N400000heiV0IAI,Polígono,Validação pedagógica,91073.8,0.10138542919141319,0.8986145708085871
006N400000dC9dnIAC,0016g00000KMpv5AAD,Poliedro,Validação pedagógica,995707.03,0.10138542919141319,0.8986145708085871
006N400000cyIp5IAE,0014v00002Nso6FAAR,Poliedro,Validação pedagógica,675379.12,0.10138542919141319,0.8986145708085871
006N400000cy6sfIAA,0014v00002uiK3nAAE,Poliedro,Validação pedagógica,1836454.35,0.10138542919141319,0.8986145708085871
006N400000cwMdUIAU,001N400000AwaDRIAZ,Conviver,Validação pedagógica,145268.7,0.10138542919141319,0.8986145708085871
006N400000cvxALIAY,001N400000NlLiyIAF,Polígono,Validação pedagógica,82322.18,0.10138542919141319,0.8986145708085871
006N400000cn6w8IAA,001N400000DFLENIA5,Polígono,Validação pedagógica,184250.84,0.10138542919141319,0.8986145708085871
006N400000cQlobIAC,0014v00002nVs20AAC,Polígono,Validação pedagógica,163299.52,0.10138542919141319,0.8986145708085871
006N400000Zybx8IAB,001N400000WI1ZcIAL,Conviver,Validação pedagógica,0.0,0.10138542919141319,0.8986145708085871
006N400000jPmu0IAC,001N400000heWbMIAU,Polígono,Validação pedagógica,167223.0,0.10138542919141319,0.8986145708085871
006N400000jPFl8IAG,001N400000wtMWSIA2,Poliedro,Validação pedagógica,1204419.15,0.10138542919141319,0.8986145708085871
006N400000jOnc0IAC,001N400000I3RR9IAN,Conviver,Validação pedagógica,89705.8,0.10138542919141319,0.8986145708085871
006N400000jOn5lIAC,001N400000hevciIAA,Polígono,Validação pedagógica,40635.4,0.10138542919141319,0.8986145708085871
006N400000j5Sg5IAE,0014v00002m6n7bAAA,Polígono,Validação pedagógica,115245.0,0.10138542919141319,0.8986145708085871
006N400000ieysBIAQ,001N400000B7dj9IAB,Polígono,Validação pedagógica,238720.8,0.10138542919141319,0.8986145708085871
006N400000YB966IAD,001N400000NlLQNIA3,Polígono,Validação pedagógica,888894.58,0.10138542919141319,0.8986145708085871
006N400000ZCvMgIAL,001N400000C8O4kIAF,Polígono,Validação pedagógica,391488.0,0.10138542919141319,0.8986145708085871
006N400000YzzxLIAR,0016g00000FWwkDAAT,Poliedro,Validação pedagógica,1764905.82,0.10138542919141319,0.8986145708085871
006N400000dsS45IAE,001N400000UYCSCIA5,Polígono,Validação pedagógica,54264.0,0.10138542919141319,0.8986145708085871
006N400000dqLZuIAM,0014v00002OwM3rAAF,Poliedro,Validação pedagógica,513253.17,0.10138542919141319,0.8986145708085871
006N400000dnPBhIAM,001N400000NlGL1IAN,Conviver,Validação pedagógica,91289.68,0.10138542919141319,0.8986145708085871
006N400000dnKNJIA2,0014v00002m7AQOAA2,Polígono,Validação pedagógica,97988.88,0.10138542919141319,0.8986145708085871
006N400000ZybpKIAR,0016g00000BIRaZAAX,Conviver,Validação pedagógica,0.0,0.10138542919141319,0.8986145708085871
006N400000X4mHhIAJ,0014v00002SN2ADAA1,Poliedro,Validação pedagógica,626532.48,0.10138542919141319,0.8986145708085871
006N400000X4ahvIAB,001N400000J55x5IAB,Poliedro,Validação pedagógica,1167835.48,0.10138542919141319,0.8986145708085871
006N400000X4WWLIA3,0014v00002cRai4AAC,Poliedro,Validação pedagógica,153836.1,0.10138542919141319,0.8986145708085871
006N400000iXWarIAG,0014v00002gjUcMAAU,Polígono,Validação pedagógica,259077.4,0.10138542919141319,0.8986145708085871
006N400000iVW5ZIAW,001N400000I3RR9IAN,Polígono,Validação pedagógica,285735.2,0.10138542919141319,0.8986145708085871
006N400000iUKJJIA4,0014v00002mxg8hAAA,Polígono,Validação pedagógica,120734.8,0.10138542919141319,0.8986145708085871
006N400000iRcO2IAK,0014v00002KvpcmAAB,Poliedro,Validação pedagógica,1218738.34,0.10138542919141319,0.8986145708085871
006N400000iR33iIAC,001N400000ntvPiIAI,Conviver,Validação pedagógica,38871.16,0.10138542919141319,0.8986145708085871
006N400000iQys2IAC,001N400000E92vQIAR,Conviver,Validação pedagógica,77086.6,0.10138542919141319,0.8986145708085871
006N400000iOURqIAO,001N400000Gl7GAIAZ,Conviver,Validação pedagógica,121027.6,0.10138542919141319,0.8986145708085871
006N400000iGGvVIAW,001N400000hIZeaIAG,Poliedro,Validação pedagógica,1206087.13,0.10138542919141319,0.8986145708085871
006N400000iFvaxIAC,001N400000hIZeaIAG,Polígono,Validação pedagógica,63766.32,0.10138542919141319,0.8986145708085871
006N400000iDvbpIAC,001N400000H2X6IIAV,Conviver,Validação pedagógica,76805.0,0.10138542919141319,0.8986145708085871
006N400000eL4G7IAK,001N400000hJS9VIAW,Poliedro,Validação pedagógica,693535.92,0.10138542919141319,0.8986145708085871
006N400000eKpPBIA0,0014v00002SMBGFAA5,Polígono,Validação pedagógica,16339.28,0.10138542919141319,0.8986145708085871
006N400000eBa9CIAS,001N400000Nl9buIAB,Polígono,Validação pedagógica,224656.2,0.10138542919141319,0.8986145708085871
006N400000ZL1JWIA1,001N400000Az7oQIAR,Poliedro,Validação pedagógica,440513.28,0.10138542919141319,0.8986145708085871
006N400000ZJlC1IAL,0016g00000CJg0BAAT,Conviver,Validação pedagógica,99785.5,0.10138542919141319,0.8986145708085871
006N400000ZHn9sIAD,0016g00000FXokxAAD,Poliedro,Validação pedagógica,789888.4,0.10138542919141319,0.8986145708085871
006N400000ZEN2DIAX,001N400000B1pmwIAB,Poliedro,Validação pedagógica,1080070.58,0.10138542919141319,0.8986145708085871
006N400000ZE7rvIAD,0014v00002gjPfzAAE,Poliedro,Validação pedagógica,21312.72,0.10138542919141319,0.8986145708085871
006N400000iDU3rIAG,001N400000hew0CIAQ,Polígono,Validação pedagógica,386147.28,0.10138542919141319,0.8986145708085871
006N400000iD6O4IAK,001N400000H2X6IIAV,Polígono,Validação pedagógica,243794.0,0.10138542919141319,0.8986145708085871
006N400000i30BsIAI,0014v00002jewyhAAA,Poliedro,Validação pedagógica,342749.79,0.10138542919141319,0.8986145708085871
006N400000i0YQ9IAM,001N400000unFSJIA2,Conviver,Validação pedagógica,19681.6,0.10138542919141319,0.8986145708085871
006N400000hxiqiIAA,001N400000unFSJIA2,Poliedro,Validação pedagógica,36414.4,0.10138542919141319,0.8986145708085871
006N400000hnkCDIAY,001N400000heoboIAA,Polígono,Validação pedagógica,387572.22,0.10138542919141319,0.8986145708085871
006N400000hnbYkIAI,001N400000heoboIAA,Poliedro,Validação pedagógica,642289.11,0.10138542919141319,0.8986145708085871
006N400000hjJwzIAE,001N400000uiYCDIA2,Polígono,Validação pedagógica,636574.3,0.10138542919141319,0.8986145708085871
006N400000hdgZiIAI,001N400000heVUoIAM,Poliedro,Validação pedagógica,139851.0,0.10138542919141319,0.8986145708085871
006N400000hbFlhIAE,001N400000BZnqjIAD,Conviver,Validação pedagógica,197981.02,0.10138542919141319,0.8986145708085871
006N400000hayWLIAY,001N400000BZnqjIAD,Poliedro,Validação pedagógica,810172.5,0.10138542919141319,0.8986145708085871
006N400000enkYwIAI,0014v00002SMxdjAAD,Polígono,Validação pedagógica,301607.2,0.10138542919141319,0.8986145708085871
006N400000emTqIIAU,0014v00002fBEZEAA4,Polígono,Validação pedagógica,167223.0,0.10138542919141319,0.8986145708085871
006N400000ejyFWIAY,0014v00002fyjURAAY,Polígono,Validação pedagógica,229127.02,0.10138542919141319,0.8986145708085871
006N400000ejHorIAE,001N400000hehstIAA,Polígono,Validação pedagógica,177693.6,0.10138542919141319,0.8986145708085871
006N400000eiKQeIAM,0014v00002Kw0YWAAZ,Poliedro,Validação pedagógica,568396.72,0.10138542919141319,0.8986145708085871
006N400000efzWnIAI,001N400000hf2hRIAQ,Poliedro,Validação pedagógica,562134.79,0.10138542919141319,0.8986145708085871
006N400000efkJHIAY,001N400000hf2hRIAQ,Conviver,Validação pedagógica,114564.47,0.10138542919141319,0.8986145708085871
006N400000eRX0tIAG,0014v00002sySyzAAE,Poliedro,Validação pedagógica,471396.31,0.10138542919141319,0.8986145708085871
006N400000eQodGIAS,0014v00002fAYPmAAO,Conviver,Validação pedagógica,135128.0,0.10138542919141319,0.8986145708085871
006N400000eQETKIA4,001N400000Tvvc3IAB,Conviver,Validação pedagógica,37172.4,0.10138542919141319,0.8986145708085871
006N400000eMsh4IAC,001N400000NlM2gIAF,Polígono,Validação pedagógica,82830.0,0.10138542919141319,0.8986145708085871
006N400000f2qZEIAY,0014v00002pSacIAAS,Conviver,Validação pedagógica,166630.76,0.10138542919141319,0.8986145708085871
006N400000f2qCbIAI,0014v00002pSacIAAS,Poliedro,Validação pedagógica,788748.22,0.10138542919141319,0.8986145708085871
006N400000f2CX0IAM,001N400000NlM0TIAV,Polígono,Validação pedagógica,789748.72,0.10138542919141319,0.8986145708085871
006N400000f1DBjIAM,0014v00002tZXFEAA4,Poliedro,Validação pedagógica,1226374.0,0.10138542919141319,0.8986145708085871
006N400000f0lnLIAQ,001N400000NlLjLIAV,Poliedro,Validação pedagógica,385070.85,0.10138542919141319,0.8986145708085871
006N400000f0ZW2IAM,001N400000hf2KLIAY,Polígono,Validação pedagógica,164307.8,0.10138542919141319,0.8986145708085871
006N400000ezGtdIAE,001N400000NlGJKIA3,Polígono,Validação pedagógica,242907.94,0.10138542919141319,0.8986145708085871
006N400000exkiwIAA,001N400000NlAj9IAF,Polígono,Validação pedagógica,141278.8,0.10138542919141319,0.8986145708085871
006N400000ex1PFIAY,001N400000GeGPwIAN,Poliedro,Validação pedagógica,1028073.99,0.10138542919141319,0.8986145708085871
006N400000ewsPDIAY,001N400000K8rwVIAR,Polígono,Validação pedagógica,45713.0,0.10138542919141319,0.8986145708085871
006N400000epysjIAA,001N400000hehy0IAA,Polígono,Validação pedagógica,184014.48,0.10138542919141319,0.8986145708085871
006N400000hLZi0IAG,001N400000NlGAZIA3,Poliedro,Validação pedagógica,128662.92,0.10138542919141319,0.8986145708085871
006N400000hEQJdIAO,001N400000NlGIhIAN,Poliedro,Validação pedagógica,570949.02,0.10138542919141319,0.8986145708085871
006N400000gx1MZIAY,001N400000NlF3tIAF,Polígono,Validação pedagógica,256100.0,0.10138542919141319,0.8986145708085871
006N400000gwxykIAA,0014v00002lYONSAA4,Polígono,Validação pedagógica,62516.0,0.10138542919141319,0.8986145708085871
006N400000gwDmLIAU,001N400000OtNiyIAF,Polígono,Validação pedagógica,17191.9,0.10138542919141319,0.8986145708085871
006N400000guBdLIAU,001N400000BdAFiIAN,Polígono,Validação pedagógica,169588.64,0.10138542919141319,0.8986145708085871
006N400000grljlIAA,0014v00002NspRpAAJ,Conviver,Validação pedagógica,285905.72,0.10138542919141319,0.8986145708085871
006N400000grcEFIAY,0014v00002NspRpAAJ,Poliedro,Validação pedagógica,1411891.99,0.10138542919141319,0.8986145708085871
006N400000gZyltIAC,001N400000syc1hIAA,Polígono,Validação pedagógica,48604.0,0.10138542919141319,0.8986145708085871
006N400000gWgGuIAK,001N400000DlBK1IAN,Polígono,Validação pedagógica,75797.0,0.10138542919141319,0.8986145708085871
006N400000gW6i1IAC,001N400000BXHNAIA5,Poliedro,Validação pedagógica,65090.74,0.10138542919141319,0.8986145708085871
006N400000fdwAzIAI,001N400000NlGKoIAN,Conviver,Validação pedagógica,153610.0,0.10138542919141319,0.8986145708085871
006N400000fdCjLIAU,001N400000Nl9TiIAJ,Polígono,Validação pedagógica,150688.54,0.10138542919141319,0.8986145708085871
006N400000fZvAIIA0,001N400000B20teIAB,Poliedro,Validação pedagógica,410630.78,0.10138542919141319,0.8986145708085871
006N400000fZ3JZIA0,001N400000B20teIAB,Conviver,Validação pedagógica,56030.03,0.10138542919141319,0.8986145708085871
006N400000gVm1oIAC,001N400000KFvCAIA1,Polígono,Validação pedagógica,92519.24,0.10138542919141319,0.8986145708085871
006N400000gPzg2IAC,001N400000qYHlIIAW,Poliedro,Validação pedagógica,259521.78,0.10138542919141319,0.8986145708085871
006N400000gPOVDIA4,001N400000sd7IjIAI,Polígono,Validação pedagógica,42198.3,0.10138542919141319,0.8986145708085871
006N400000gNlm3IAC,001N400000KYSMXIA5,Poliedro,Validação pedagógica,219927.59,0.10138542919141319,0.8986145708085871
006N400000gNjp5IAC,001N400000Jl086IAB,Poliedro,Validação pedagógica,219927.59,0.10138542919141319,0.8986145708085871
006N400000gK5RZIA0,001N400000heVUlIAM,Poliedro,Validação pedagógica,152728.0,0.10138542919141319,0.8986145708085871
006N400000gIj3LIAS,001N400000NlGHDIA3,Conviver,Validação pedagógica,100146.4,0.10138542919141319,0.8986145708085871
006N400000fshLJIAY,0014v00002Nso8GAAR,Poliedro,Validação pedagógica,0.0,0.10138542919141319,0.8986145708085871
006N400000fnFr7IAE,001N400000FccRvIAJ,Polígono,Validação pedagógica,112374.6,0.10138542919141319,0.8986145708085871
006N400000flalEIAQ,001N400000JZX7uIAH,Polígono,Validação pedagógica,173864.52,0.10138542919141319,0.8986145708085871
006N400000fkLy7IAE,0016g000008jPzcAAE,Poliedro,Validação pedagógica,384728.1,0.10138542919141319,0.8986145708085871
006N400000fkDp5IAE,001N400000JFRRZIA5,Polígono,Validação pedagógica,262945.0,0.10138542919141319,0.8986145708085871
006N400000fjB2yIAE,0016g00000PRV2hAAH,Poliedro,Validação pedagógica,219972.8,0.10138542919141319,0.8986145708085871
006N400000nXFfCIAW,001N4000011yArTIAU,Poliedro,Validação pedagógica,541568.14,0.10138542919141319,0.8986145708085871
006N400000nWCjNIAW,0014v00002htmhGAAQ,Poliedro,Validação pedagógica,250466.67,0.10138542919141319,0.8986145708085871
006N400000WvIgzIAF,001N400000AwifnIAB,Polígono,Validação pedagógica,431884.06,0.10138542919141319,0.8986145708085871
006N400000WvAoFIAV,001N400000AkJrcIAF,Polígono,Validação pedagógica,278574.0,0.10138542919141319,0.8986145708085871
006N400000WqgAPIAZ,0014v00002giNAeAAM,Poliedro,Validação pedagógica,273606.5,0.10138542919141319,0.8986145708085871
006N400000WHHOkIAP,001N400000C3tIsIAJ,Poliedro,Validação pedagógica,800979.1,0.10138542919141319,0.8986145708085871
006N400000TH6ebIAD,0016g00000PKDorAAH,Poliedro,Validação pedagógica,1428765.06,0.10138542919141319,0.8986145708085871
006N400000nVbzyIAC,001N400000hhqnUIAQ,Polígono,Material entregue,56977.2,0.09242038651431948,0.9075796134856805
006N400000nVCQWIA4,001N400000hhqnUIAQ,Poliedro,Material entregue,88106.13,0.09242038651431948,0.9075796134856805
006N400000fLb9pIAC,0014v00002hwCfdAAE,Poliedro,Material entregue,1601193.5,0.09242038651431948,0.9075796134856805
006N400000g127dIAA,0014v00002fAwDGAA0,Polígono,Material entregue,108331.0,0.09242038651431948,0.9075796134856805
006N400000eMhNXIA0,001N400000Nl8QGIAZ,Conviver,Material entregue,67606.7,0.09242038651431948,0.9075796134856805
006N400000eSCtfIAG,001N400000hei09IAA,Polígono,Material entregue,118462.32,0.09242038651431948,0.9075796134856805
006N400000exg94IAA,0014v00002lXkVVAA0,Polígono,Material entregue,464736.0,0.09242038651431948,0.9075796134856805
006N400000eSQBpIAO,001N400000hei09IAA,Conviver,Material entregue,51650.98,0.09242038651431948,0.9075796134856805
006N400000hzxqQIAQ,001N400000unFSJIA2,Polígono,Material entregue,25006.4,0.09242038651431948,0.9075796134856805
006N400000hnkIfIAI,001N400000heoboIAA,Conviver,Material entregue,113609.89,0.09242038651431948,0.9075796134856805
006N400000ZybpOIAR,0016g00000BIRXtAAP,Conviver,Material entregue,0.0,0.09242038651431948,0.9075796134856805
006N400000hNH94IAG,001N400000BdAFiIAN,Conviver,Material entregue,69106.71,0.09242038651431948,0.9075796134856805
006N400000gkERBIA2,001N400000soeCwIAI,Poliedro,Material entregue,76364.0,0.09242038651431948,0.9075796134856805
006N400000eLqauIAC,001N400000Nl8QGIAZ,Polígono,Material entregue,196635.8,0.09242038651431948,0.9075796134856805
006N400000etciNIAQ,001N400000hf2gjIAA,Polígono,Material entregue,19379.96,0.09242038651431948,0.9075796134856805
006N400000jkkFfIAI,001N400000NlGIqIAN,Poliedro,Material entregue,612666.0,0.09242038651431948,0.9075796134856805
006N400000iiO0VIAU,0014v00002cTRiDAAW,Polígono,Material entregue,373327.3,0.09242038651431948,0.9075796134856805
006N400000iePuUIAU,001N400000BL4qJIAT,Polígono,Material entregue,25974.96,0.09242038651431948,0.9075796134856805
006N400000YQrd7IAD,001N400000HNdq6IAD,Poliedro,Material entregue,1727324.61,0.09242038651431948,0.9075796134856805
006N400000YQ3YAIA1,0014v00002qgrjpAAA,Poliedro,Material entregue,2030867.03,0.09242038651431948,0.9075796134856805
006N400000a7KTaIAM,001N400000KEHf6IAH,Polígono,Material entregue,350845.34,0.09242038651431948,0.9075796134856805
006N400000meOrDIAU,0014v00002m7AqgAAE,Poliedro,Material entregue,751445.22,0.09242038651431948,0.9075796134856805
006N400000mjsTkIAI,0014v00002muALYAA2,Polígono,Material entregue,341891.9,0.09242038651431948,0.9075796134856805
006N400000lduqTIAQ,001N400000heaHOIAY,Polígono,Material entregue,13440.94,0.09242038651431948,0.9075796134856805
006N400000jvwTZIAY,0014v00002qgz73AAA,Poliedro,Material entregue,102143.12,0.09242038651431948,0.9075796134856805
006N400000k5P0DIAU,001N400000NlBsoIAF,Polígono,Material entregue,93893.4,0.09242038651431948,0.9075796134856805
006N400000kBaSLIA0,001N400000NlGCfIAN,Polígono,Material entregue,61536.34,0.09242038651431948,0.9075796134856805
006N400000k8Wt4IAE,001N400000hev6UIAQ,Poliedro,Material entregue,1274864.08,0.09242038651431948,0.9075796134856805
006N400000isJkHIAU,0016g00000CJ5YjAAL,Poliedro,Material entregue,45818.4,0.09242038651431948,0.9075796134856805
006N400000jARD7IAO,001N400000vw9BrIAI,Poliedro,Material entregue,637019.76,0.09242038651431948,0.9075796134856805
006N400000jKusEIAS,001N400000HF5x5IAD,Polígono,Material entregue,0.0,0.09242038651431948,0.9075796134856805
006N400000nOoU9IAK,001N400000FBjCXIA1,Polígono,Material entregue,176334.34,0.09242038651431948,0.9075796134856805
006N400000oB6QKIA0,001N400000LR2uhIAD,Poliedro,Solicitação de material,89504.64,0.05455568654728462,0.9454443134527155
006N400000gMMswIAG,001N400000CLyOvIAL,Poliedro,Solicitação de material,0.0,0.05455568654728462,0.9454443134527155
006N400000niO42IAE,001N40000125p0MIAQ,Polígono,Solicitação de material,66889.2,0.05455568654728462,0.9454443134527155
006N400000oGFWBIA4,0014v00002mwjYuAAI,Poliedro,Solicitação de material,310199.26,0.05455568654728462,0.9454443134527155
006N400000nb2ZmIAI,0014v00002NCRYmAAP,Poliedro,Solicitação de material,10690.96,0.05455568654728462,0.9454443134527155
006N400000naFfRIAU,0014v00002m7B6BAAU,Polígono,Solicitação de material,0.0,0.05455568654728462,0.9454443134527155
006N400000nY2bCIAS,001N4000010uHx3IAE,Polígono,Solicitação de material,45713.0,0.05455568654728462,0.9454443134527155
006N400000nW5RnIAK,001N400000Nl9ZGIAZ,Polígono,Solicitação de material,82048.6,0.05455568654728462,0.9454443134527155
006N400000nRJDfIAO,001N400000A257XIAR,Poliedro,Solicitação de material,205108.96,0.05455568654728462,0.9454443134527155
006N400000nSRSTIA4,0014v00002sx9M9AAI,Polígono,Solicitação de material,0.0,0.05455568654728462,0.9454443134527155
006N400000oIJIlIAO,001N400000m4PHBIA2,Poliedro,Solicitação de material,0.0,0.05455568654728462,0.9454443134527155
006N400000nPFE9IAO,001N400000zsgwzIAA,Polígono,Solicitação de material,90847.56,0.05455568654728462,0.9454443134527155
006N400000oFqj5IAC,0014v00002tZIroAAG,Conviver,Solicitação de material,32125.43,0.05455568654728462,0.9454443134527155
006N400000oC3RxIAK,001N400000JDlcWIAT,Poliedro,Solicitação de material,68526.99,0.05455568654728462,0.9454443134527155
006N400000oGeJFIA0,001N400000JcUiDIAV,Poliedro,Solicitação de material,82963.4,0.05455568654728462,0.9454443134527155
006N400000Zybq3IAB,0016g00000BIRW6AAP,Conviver,Solicitação de material,0.0,0.05455568654728462,0.9454443134527155
006N400000nms3ZIAQ,0014v00002mtoFBAAY,Conviver,Solicitação de material,0.0,0.05455568654728462,0.9454443134527155
006N400000noPv4IAE,001N4000011KXDIIA4,Polígono,Solicitação de material,75460.94,0.05455568654728462,0.9454443134527155
006N400000fyjIqIAI,0014v00002SO0FgAAL,Polígono,Solicitação de material,0.0,0.05455568654728462,0.9454443134527155
006N400000nfY9ZIAU,001N400000JMa9xIAD,Conviver,Solicitação de material,52441.9,0.05455568654728462,0.9454443134527155
006N400000ZybtmIAB,0014v00002iQPzrAAG,Conviver,Solicitação de material,0.0,0.05455568654728462,0.9454443134527155
006N400000fLS3OIAW,0014v00002hwCfdAAE,Polígono,Solicitação de material,78145.0,0.05455568654728462,0.9454443134527155
006N400000fEuluIAC,001N400000IKR9lIAH,,Solicitação de material,0.0,0.05455568654728462,0.9454443134527155
006N400000f1AQnIAM,001N400000r6ZPeIAM,Poliedro,Solicitação de material,0.0,0.05455568654728462,0.9454443134527155
006N400000h3x7dIAA,001N400000B2O7xIAF,Conviver,Solicitação de material,0.0,0.05455568654728462,0.9454443134527155
006N400000grY51IAE,001N400000hf2hTIAQ,Conviver,Solicitação de material,46989.82,0.05455568654728462,0.9454443134527155
006N400000grlwfIAA,0016g00000BIRaMAAX,Conviver,Solicitação de material,0.0,0.05455568654728462,0.9454443134527155
006N400000hcSnJIAU,001N400000hei9BIAQ,Polígono,Solicitação de material,26614.8,0.05455568654728462,0.9454443134527155
006N400000ZybrEIAR,0016g00000BIRX0AAP,Conviver,Solicitação de material,0.0,0.05455568654728462,0.9454443134527155
006N400000ZybrFIAR,0016g00000BIRXEAA5,Conviver,Solicitação de material,0.0,0.05455568654728462,0.9454443134527155
006N400000Zybt5IAB,0014v00002tWwkmAAC,Conviver,Solicitação de material,0.0,0.05455568654728462,0.9454443134527155
006N400000ZybtFIAR,0014v00002mw8XNAAY,Conviver,Solicitação de material,51652.8,0.05455568654728462,0.9454443134527155
006N400000ZybtQIAR,0014v00002UhWKkAAN,Conviver,Solicitação de material,0.0,0.05455568654728462,0.9454443134527155
006N400000ZybtSIAR,0014v00002KvXcrAAF,Conviver,Solicitação de material,0.0,0.05455568654728462,0.9454443134527155
006N400000ZybtYIAR,0016g00000M9JNuAAN,Conviver,Solicitação de material,0.0,0.05455568654728462,0.9454443134527155
006N400000ndruhIAA,001N400000AHso6IAD,Polígono,Solicitação de material,344848.2,0.05455568654728462,0.9454443134527155
006N400000ZybqMIAR,0016g00000BIRbvAAH,Conviver,Solicitação de material,0.0,0.05455568654728462,0.9454443134527155
006N400000ZybqFIAR,0014v00002uik3TAAQ,Conviver,Solicitação de material,0.0,0.05455568654728462,0.9454443134527155
006N400000ZybqDIAR,0016g00000BIRWGAA5,Conviver,Solicitação de material,0.0,0.05455568654728462,0.9454443134527155
006N400000ZybqAIAR,0016g00000BIRZoAAP,Conviver,Solicitação de material,0.0,0.05455568654728462,0.9454443134527155
006N400000ZybqrIAB,0016g00000BIRY0AAP,Conviver,Solicitação de material,0.0,0.05455568654728462,0.9454443134527155
006N400000ZybqXIAR,0016g00000BIRYtAAP,Conviver,Solicitação de material,0.0,0.05455568654728462,0.9454443134527155
006N400000ZybqoIAB,0016g00000BIRXBAA5,Conviver,Solicitação de material,0.0,0.05455568654728462,0.9454443134527155
006N400000ZybqfIAB,0016g00000BIRcJAAX,Conviver,Solicitação de material,0.0,0.05455568654728462,0.9454443134527155
006N400000h2opZIAQ,0014v00002lsegIAAQ,Conviver,Solicitação de material,0.0,0.05455568654728462,0.9454443134527155
006N400000ZybpwIAB,0016g00000BIRcBAAX,Conviver,Solicitação de material,0.0,0.05455568654728462,0.9454443134527155
006N400000Zybq1IAB,0016g00000BIRZwAAP,Conviver,Solicitação de material,0.0,0.05455568654728462,0.9454443134527155
006N400000o7bkUIAQ,0014v00002KvoR9AAJ,Polígono,Solicitação de material,333576.14,0.05455568654728462,0.9454443134527155
006N400000WC1XOIA1,001N400000BD38FIAT,Polígono,Solicitação de material,0.0,0.05455568654728462,0.9454443134527155
006N400000W1fI5IAJ,001N400000EY4qkIAD,Polígono,Solicitação de material,0.0,0.05455568654728462,0.9454443134527155
006N400000T7VrGIAV,0014v00002mxJujAAE,Conviver,Solicitação de material,186220.12,0.05455568654728462,0.9454443134527155
006N400000VyqpzIAB,001N400000AcFl6IAF,Polígono,Solicitação de material,0.0,0.05455568654728462,0.9454443134527155
006N400000ZybpbIAB,001N400000V5AUwIAN,Conviver,Solicitação de material,0.0,0.05455568654728462,0.9454443134527155
006N400000ZybpUIAR,0016g00000BIRXlAAP,Conviver,Solicitação de material,0.0,0.05455568654728462,0.9454443134527155
006N400000ZybpQIAR,0016g00000BIRZQAA5,Conviver,Solicitação de material,0.0,0.05455568654728462,0.9454443134527155
006N400000ZybpLIAR,0016g00000BIRWnAAP,Conviver,Solicitação de material,0.0,0.05455568654728462,0.9454443134527155
006N400000Zybp9IAB,0016g00000BIRXjAAP,Conviver,Solicitação de material,0.0,0.05455568654728462,0.9454443134527155
006N400000ZybpHIAR,0016g00000BIRaaAAH,Conviver,Solicitação de material,0.0,0.05455568654728462,0.9454443134527155
006N400000ZyboxIAB,0016g00000BIRY3AAP,Conviver,Solicitação de material,0.0,0.05455568654728462,0.9454443134527155
006N400000ZybobIAB,0014v00002Kw1S1AAJ,Conviver,Solicitação de material,0.0,0.05455568654728462,0.9454443134527155
006N400000ie7skIAA,001N400000MiCYjIAN,Polígono,Solicitação de material,206182.68,0.05455568654728462,0.9454443134527155
006N400000ZyboXIAR,001N400000n3wTGIAY,Conviver,Solicitação de material,0.0,0.05455568654728462,0.9454443134527155
006N400000ZyboTIAR,0014v00002Zi04NAAR,Conviver,Solicitação de material,0.0,0.05455568654728462,0.9454443134527155
006N400000ZyboSIAR,0014v00002UhqIOAAZ,Conviver,Solicitação de material,0.0,0.05455568654728462,0.9454443134527155
006N400000ibGR3IAM,001N400000deKPlIAM,Poliedro,Solicitação de material,0.0,0.05455568654728462,0.9454443134527155
006N400000ibaeNIAQ,001N400000NlDEVIA3,Polígono,Solicitação de material,498300.12,0.05455568654728462,0.9454443134527155
006N400000iUgq9IAC,001N400000hevvkIAA,Polígono,Solicitação de material,7814.5,0.05455568654728462,0.9454443134527155
006N400000ZybtjIAB,0014v00002Zhh93AAB,Conviver,Solicitação de material,0.0,0.05455568654728462,0.9454443134527155
006N400000hUeP4IAK,001N400000fOrWhIAK,Polígono,Solicitação de material,0.0,0.05455568654728462,0.9454443134527155
006N400000ZybuiIAB,001N400000ew3mTIAQ,Conviver,Solicitação de material,0.0,0.05455568654728462,0.9454443134527155
006N400000ZybuvIAB,0014v00002sbAFlAAM,Conviver,Solicitação de material,0.0,0.05455568654728462,0.9454443134527155
006N400000ZybulIAB,001N400000655VDIAY,Conviver,Solicitação de material,0.0,0.05455568654728462,0.9454443134527155
006N400000j3OQTIA2,0016g00000gzEbrAAE,Conviver,Solicitação de material,59044.8,0.05455568654728462,0.9454443134527155
006N400000ZybwhIAB,001N400000IS4EQIA1,Conviver,Solicitação de material,0.0,0.05455568654728462,0.9454443134527155
006N400000Zybx3IAB,001N400000fMLfwIAG,Conviver,Solicitação de material,0.0,0.05455568654728462,0.9454443134527155
006N400000j2IQNIA2,0016g00000gzEbrAAE,Polígono,Solicitação de material,115493.2,0.05455568654728462,0.9454443134527155
006N400000ZybxLIAR,001N400000NlDmOIAV,Conviver,Solicitação de material,0.0,0.05455568654728462,0.9454443134527155
006N400000cgnMeIAI,001N400000L4KdZIAV,Polígono,Solicitação de material,0.0,0.05455568654728462,0.9454443134527155
006N400000crLejIAE,001N400000AksHNIAZ,Polígono,Solicitação de material,0.0,0.05455568654728462,0.9454443134527155
006N400000ZybvVIAR,001N400000Fco84IAB,Conviver,Solicitação de material,0.0,0.05455568654728462,0.9454443134527155
006N400000ZybuZIAR,001N400000LSY7kIAH,Conviver,Solicitação de material,0.0,0.05455568654728462,0.9454443134527155
006N400000ZybuMIAR,0014v00002fB2s6AAC,Conviver,Solicitação de material,0.0,0.05455568654728462,0.9454443134527155
006N400000ZybtzIAB,0014v00002gh0FSAAY,Conviver,Solicitação de material,0.0,0.05455568654728462,0.9454443134527155
006N400000ZybtyIAB,0016g00000MAc0ZAAT,Conviver,Solicitação de material,0.0,0.05455568654728462,0.9454443134527155
006N400000ZybnRIAR,0016g00000BIRcLAAX,Conviver,Solicitação de material,0.0,0.05455568654728462,0.9454443134527155
006N400000jdni5IAA,0014v00002mvAlwAAE,Poliedro,Solicitação de material,195408.56,0.05455568654728462,0.9454443134527155
006N400000jTQtFIAW,001N400000vt9TFIAY,Poliedro,Solicitação de material,196264.5,0.05455568654728462,0.9454443134527155
006N400000dJczHIAS,0016g00000BIRVpAAP,Conviver,Solicitação de material,0.0,0.05455568654728462,0.9454443134527155
006N400000Zybo7IAB,001N400000AsMXGIA3,Conviver,Solicitação de material,49656.83,0.05455568654728462,0.9454443134527155
006N400000ZybnzIAB,0014v00002Icc7aAAB,Conviver,Solicitação de material,0.0,0.05455568654728462,0.9454443134527155
006N400000ZybnoIAB,001N400000wu8KrIAI,Conviver,Solicitação de material,0.0,0.05455568654728462,0.9454443134527155
006N400000ZybnvIAB,0016g00000BIRWDAA5,Conviver,Solicitação de material,0.0,0.05455568654728462,0.9454443134527155
006N400000Zybo9IAB,0016g00000KMClDAAX,Conviver,Solicitação de material,0.0,0.05455568654728462,0.9454443134527155
006N400000ZyboEIAR,0016g00000X2mg4AAB,Conviver,Solicitação de material,0.0,0.05455568654728462,0.9454443134527155
006N400000k7cEEIAY,001N400000HllRWIAZ,Poliedro,Solicitação de material,183679.65,0.05455568654728462,0.9454443134527155
006N400000k77IQIAY,001N400000HvfUTIAZ,Poliedro,Solicitação de material,226784.61,0.05455568654728462,0.9454443134527155
006N400000k9eWoIAI,001N400000hevunIAA,Poliedro,Solicitação de material,674725.96,0.05455568654728462,0.9454443134527155
006N400000k9egTIAQ,001N400000NmcNBIAZ,Polígono,Solicitação de material,511612.56,0.05455568654728462,0.9454443134527155
006N400000k9h4rIAA,001N400000NmcNBIAZ,Conviver,Solicitação de material,215515.54,0.05455568654728462,0.9454443134527155
006N400000kP2KHIA0,001N400000hedGGIAY,Conviver,Solicitação de material,27601.0,0.05455568654728462,0.9454443134527155
006N400000kQ2uvIAC,001N4000009QcpJIAS,Polígono,Solicitação de material,267209.92,0.05455568654728462,0.9454443134527155
006N400000kagJCIAY,001N400000hevvfIAA,Polígono,Solicitação de material,91426.0,0.05455568654728462,0.9454443134527155
006N400000kslM1IAI,001N400000hegmKIAQ,Polígono,Solicitação de material,323301.0,0.05455568654728462,0.9454443134527155
006N400000cLMngIAG,0014v00002UhoeSAAR,Conviver,Solicitação de material,0.0,0.05455568654728462,0.9454443134527155
006N400000cLVz2IAG,0014v00002htoQGAAY,Poliedro,Solicitação de material,0.0,0.05455568654728462,0.9454443134527155
006N400000ZybvWIAR,001N400000IuqhVIAR,Conviver,Solicitação de material,0.0,0.05455568654728462,0.9454443134527155
006N400000ZybvkIAB,001N400000HiPP9IAN,Conviver,Solicitação de material,0.0,0.05455568654728462,0.9454443134527155
006N400000ZybvtIAB,0014v00002KvPNiAAN,Conviver,Solicitação de material,0.0,0.05455568654728462,0.9454443134527155
006N400000ZybvwIAB,001N400000EvcYQIAZ,Conviver,Solicitação de material,0.0,0.05455568654728462,0.9454443134527155
006N400000Zybw5IAB,001N400000DQLESIA5,Conviver,Solicitação de material,0.0,0.05455568654728462,0.9454443134527155
006N400000Zybw8IAB,0014v00002m6uXWAAY,Conviver,Solicitação de material,0.0,0.05455568654728462,0.9454443134527155
006N400000cop7xIAA,001N400000NlGI7IAN,Polígono,Solicitação de material,0.0,0.05455568654728462,0.9454443134527155
006N400000ZybpgIAB,0016g00000BIRZxAAP,Conviver,Solicitação de material,0.0,0.05455568654728462,0.9454443134527155
006N400000ZybpiIAB,0016g00000BIRaYAAX,Conviver,Solicitação de material,0.0,0.05455568654728462,0.9454443134527155
006N400000dmfonIAA,001N400000NlG8xIAF,Poliedro,Solicitação de material,265375.57,0.05455568654728462,0.9454443134527155
006N400000dnEEkIAM,0014v00002SMhr5AAD,Poliedro,Solicitação de material,416038.67,0.05455568654728462,0.9454443134527155
006N400000bzJEwIAM,0014v00002mx3uTAAQ,Poliedro,Solicitação de material,529946.0,0.05455568654728462,0.9454443134527155
006N400000bfu7PIAQ,0014v00002mvjh4AAA,Poliedro,Solicitação de material,1599532.37,0.05455568654728462,0.9454443134527155
006N400000ZbzzdIAB,001N400000NlF3OIAV,Poliedro,Solicitação de material,411161.94,0.05455568654728462,0.9454443134527155
006N400000ZZX1oIAH,001N400000FEGtvIAH,Polígono,Solicitação de material,63138.2,0.05455568654728462,0.9454443134527155
006N400000ZybwSIAR,001N40000082WIgIAM,Conviver,Solicitação de material,0.0,0.05455568654728462,0.9454443134527155
006N400000l3SfqIAE,001N400000GPOM9IAP,Polígono,Solicitação de material,76830.0,0.05455568654728462,0.9454443134527155
006N400000l2rEvIAI,001N400000GQ1vJIAT,Polígono,Solicitação de material,99396.0,0.05455568654728462,0.9454443134527155
006N400000l0g5tIAA,0014v00002ggkpdAAA,Conviver,Solicitação de material,0.0,0.05455568654728462,0.9454443134527155
006N400000lDOWLIA4,0016g00000eT4GyAAK,Conviver,Solicitação de material,220639.77,0.05455568654728462,0.9454443134527155
006N400000ZoQciIAF,0014v00002ta6gEAAQ,Poliedro,Solicitação de material,1049107.68,0.05455568654728462,0.9454443134527155
006N400000ZWdtKIAT,001N400000heRTMIA2,Polígono,Solicitação de material,63998.2,0.05455568654728462,0.9454443134527155
006N400000ZybxQIAR,0016g00000BIRWKAA5,Conviver,Solicitação de material,0.0,0.05455568654728462,0.9454443134527155
006N400000a8M6fIAE,0016g00000BIRbxAAH,Conviver,Solicitação de material,0.0,0.05455568654728462,0.9454443134527155
006N400000l3vMrIAI,001N400000BQ4g2IAD,Polígono,Solicitação de material,121510.0,0.05455568654728462,0.9454443134527155
006N400000l4CsMIAU,001N400000Bsh6bIAB,Polígono,Solicitação de material,73140.8,0.05455568654728462,0.9454443134527155
006N400000l0ggvIAA,0016g00000MC4cYAAT,Conviver,Solicitação de material,0.0,0.05455568654728462,0.9454443134527155
006N400000Zybn8IAB,0016g00000BIRZlAAP,Conviver,Solicitação de material,0.0,0.05455568654728462,0.9454443134527155
006N400000Zybn7IAB,0016g00000BIRZaAAP,Conviver,Solicitação de material,0.0,0.05455568654728462,0.9454443134527155
006N400000aPTYOIA4,0016g00000KMocZAAT,Polígono,Solicitação de material,0.0,0.05455568654728462,0.9454443134527155
006N400000lRR5tIAG,0016g00000BIRZKAA5,Polígono,Solicitação de material,0.0,0.05455568654728462,0.9454443134527155
006N400000laIwDIAU,001N400000heKy9IAE,Polígono,Solicitação de material,128543.0,0.05455568654728462,0.9454443134527155
006N400000lnQhUIAU,001N400000he9hFIAQ,Polígono,Solicitação de material,99161.2,0.05455568654728462,0.9454443134527155
006N400000lZgirIAC,0014v00002gg06dAAA,Polígono,Solicitação de material,302168.44,0.05455568654728462,0.9454443134527155
006N400000lVpCrIAK,001N400000hed2FIAQ,,Solicitação de material,0.0,0.05455568654728462,0.9454443134527155
006N400000m8qiaIAA,001N400000NlGLFIA3,Polígono,Solicitação de material,188218.26,0.05455568654728462,0.9454443134527155
006N400000m8nUbIAI,001N400000NlGLFIA3,Conviver,Solicitação de material,62242.04,0.05455568654728462,0.9454443134527155
006N400000mJAeLIAW,001N400000heLCpIAM,Polígono,Solicitação de material,12503.2,0.05455568654728462,0.9454443134527155
006N400000mC6veIAC,001N400000NlAd3IAF,Polígono,Solicitação de material,99223.64,0.05455568654728462,0.9454443134527155
006N400000mkH0cIAE,0014v00002hwkyQAAQ,Polígono,Solicitação de material,0.0,0.05455568654728462,0.9454443134527155
006N400000mlXYDIA2,001N400000Awl42IAB,Poliedro,Solicitação de material,50069.8,0.05455568654728462,0.9454443134527155
006N400000mpWLZIA2,0014v00002KvXUnAAN,Poliedro,Solicitação de material,637593.94,0.05455568654728462,0.9454443134527155
006N400000l3ERcIAM,001N400000hevvqIAA,Polígono,Solicitação de material,12503.2,0.05455568654728462,0.9454443134527155
006N400000msii2IAA,001N400000HliOrIAJ,Polígono,Solicitação de material,128050.0,0.05455568654728462,0.9454443134527155
006N400000mx1yvIAA,0016g00000YfpVwAAJ,Polígono,Solicitação de material,358440.98,0.05455568654728462,0.9454443134527155
006N400000mx2oXIAQ,0016g00000YfpVwAAJ,Conviver,Solicitação de material,0.0,0.05455568654728462,0.9454443134527155
006N400000mx2OjIAI,0016g00000YfpVwAAJ,Poliedro,Solicitação de material,599834.13,0.05455568654728462,0.9454443134527155
006N400000nHsnlIAC,0014v00002gg2eoAAA,Poliedro,Solicitação de material,461186.28,0.05455568654728462,0.9454443134527155
006N400000nJqoJIAS,001N400000NlLjLIAV,Conviver,Solicitação de material,81125.6,0.05455568654728462,0.9454443134527155
006N400000nj4JPIAY,001N400000NlDDgIAN,Polígono,Solicitação de material,321826.96,0.05455568654728462,0.9454443134527155
006N400000n2JAQIA2,001N400000McUYMIA3,Polígono,Solicitação de material,165660.0,0.05455568654728462,0.9454443134527155
006N400000njGdtIAE,001N400000OsqX3IAJ,Conviver,Solicitação de material,96640.61,0.05455568654728462,0.9454443134527155
006N400000njIcTIAU,001N400000OsqX3IAJ,Polígono,Solicitação de material,432989.94,0.05455568654728462,0.9454443134527155
006N400000njVeXIAU,0014v00002sdBKSAA2,Poliedro,Solicitação de material,329499.38,0.05455568654728462,0.9454443134527155
006N400000nlfQAIAY,001N400000HvzPyIAJ,Polígono,Solicitação de material,156594.4,0.05455568654728462,0.9454443134527155
006N400000nlicTIAQ,0014v00002KvrGdAAJ,Poliedro,Solicitação de material,887145.64,0.05455568654728462,0.9454443134527155
006N400000aYF9cIAG,0016g00000BIRXCAA5,Conviver,Solicitação de material,0.0,0.05455568654728462,0.9454443134527155
006N400000nLPf7IAG,001N4000011itMPIAY,Polígono,Solicitação de material,23434.7,0.05455568654728462,0.9454443134527155
006N400000nj4RUIAY,001N400000NlDDgIAN,Conviver,Solicitação de material,115693.44,0.05455568654728462,0.9454443134527155
006N400000nMJChIAO,001N400000Nl9Y2IAJ,Polígono,Solicitação de material,123946.08,0.05455568654728462,0.9454443134527155
006N400000nNAdZIAW,001N400000Nl9Y2IAJ,Conviver,Solicitação de material,50680.12,0.05455568654728462,0.9454443134527155
006N400000nNKczIAG,001N400000hf3MHIAY,Polígono,Solicitação de material,18754.8,0.05455568654728462,0.9454443134527155
006N400000nPE1yIAG,001N400000B4jEnIAJ,Poliedro,Solicitação de material,125865.9,0.05455568654728462,0.9454443134527155
006N400000nPEd3IAG,0014v00002hvYO4AAM,Poliedro,Solicitação de material,209776.5,0.05455568654728462,0.9454443134527155
006N400000oIk4QIAS,001N400000NlDJnIAN,Poliedro,Solicitação de material,48840.5,0.05455568654728462,0.9454443134527155
006N400000oMwerIAC,001N400000BEp9BIAT,Conviver,Solicitação de material,0.0,0.05455568654728462,0.9454443134527155
006N400000oSL4oIAG,001N400000heakMIAQ,Polígono,Solicitação de material,0.0,0.05455568654728462,0.9454443134527155
006N400000oUy5BIAS,001N40000110w9PIAQ,Poliedro,Solicitação de material,67047.7,0.05455568654728462,0.9454443134527155
006N400000ZhpzFIAR,001N400000KjTX0IAN,Polígono,Solicitação de material,157063.32,0.05455568654728462,0.9454443134527155
006N400000nrlnlIAA,001N400000heaF3IAI,Polígono,Solicitação de material,28132.2,0.05455568654728462,0.9454443134527155
006N400000Lv4yrIAB,001N400000NlDJqIAN,Poliedro,Solicitação de material,0.0,0.05455568654728462,0.9454443134527155
006N400000nydX9IAI,001N40000125p0MIAQ,Poliedro,Solicitação de material,185844.8,0.05455568654728462,0.9454443134527155
006N400000nzy6HIAQ,001N400000NlGCFIA3,Poliedro,Solicitação de material,137517.6,0.05455568654728462,0.9454443134527155
006N400000o3l8xIAA,001N4000011xTpoIAE,Polígono,Solicitação de material,49698.0,0.05455568654728462,0.9454443134527155
006N400000o4bqbIAA,001N4000011xTpoIAE,Poliedro,Solicitação de material,82489.8,0.05455568654728462,0.9454443134527155
006N400000ah51LIAQ,001N400000m4PHBIA2,Polígono,Contrato Ativo,225102.91,,
