etapa,passos_esperados,fase,tempo_medio_fase_dias
Solicitação de material,2.82,Análise de Material,
Material entregue,3.22,Análise de Material,
Validação pedagógica,2.93,Análise de Material,
Proposta tabela,3.35,Proposta,27.0
Proposta personalizada,2.95,Proposta,27.0
Negociação e ajuste financeiro,3.76,Proposta,27.0
Documentação enviada,4.71,Aceite do cliente,22.0
Análise de operações comerciais,4.29,Aceite do cliente,22.0
Análise do Financeiro,3.73,Aceite do cliente,22.0
Análise do Jurídico,3.97,Aceite do cliente,22.0
Enviado para a assinatura,3.71,Aceite do cliente,22.0
