de,Solicitação de material,Material entregue,Validação pedagógica,Proposta tabela,Proposta personalizada,Negociação e ajuste financeiro,Documentação enviada,Análise de operações comerciais,Análise do Financeiro,Análise do Jurídico,Enviado para a assinatura,Contrato assinado,Oportunidade perdida
Solicitação de material,0.0,0.38257993384785005,0.15104740904079383,0.026460859977949284,0.009922822491730982,0.0011025358324145535,0.0011025358324145535,0.002205071664829107,0.0,0.0011025358324145535,0.0011025358324145535,0.0,0.42337375964718854
Material entregue,0.03598484848484849,0.0,0.5340909090909091,0.11363636363636363,0.03409090909090909,0.005681818181818182,0.003787878787878788,0.001893939393939394,0.003787878787878788,0.001893939393939394,0.0,0.001893939393939394,0.26325757575757575
Validação pedagógica,0.029045643153526972,0.27385892116182575,0.0,0.2074688796680498,0.06016597510373444,0.006224066390041493,0.002074688796680498,0.008298755186721992,0.0,0.004149377593360996,0.002074688796680498,0.002074688796680498,0.4045643153526971
Proposta tabela,0.03211009174311927,0.07339449541284404,0.1651376146788991,0.0,0.37155963302752293,0.05963302752293578,0.009174311926605505,0.009174311926605505,0.022935779816513763,0.0045871559633027525,0.009174311926605505,0.0045871559633027525,0.23853211009174313
Proposta personalizada,0.0,0.046357615894039736,0.026490066225165563,0.12582781456953643,0.0,0.2251655629139073,0.046357615894039736,0.019867549668874173,0.006622516556291391,0.019867549668874173,0.013245033112582781,0.0,0.47019867549668876
Negociação e ajuste financeiro,0.028985507246376812,0.028985507246376812,0.028985507246376812,0.014492753623188406,0.11594202898550725,0.0,0.2898550724637681,0.057971014492753624,0.057971014492753624,0.028985507246376812,0.043478260869565216,0.014492753623188406,0.2898550724637681
Documentação enviada,0.04081632653061224,0.02040816326530612,0.02040816326530612,0.04081632653061224,0.02040816326530612,0.10204081632653061,0.0,0.32653061224489793,0.10204081632653061,0.20408163265306123,0.08163265306122448,0.04081632653061224,0.0
Análise de operações comerciais,0.02040816326530612,0.04081632653061224,0.02040816326530612,0.04081632653061224,0.04081632653061224,0.061224489795918366,0.08163265306122448,0.0,0.20408163265306123,0.1836734693877551,0.1836734693877551,0.061224489795918366,0.061224489795918366
Análise do Financeiro,0.043478260869565216,0.0,0.021739130434782608,0.0,0.0,0.043478260869565216,0.08695652173913043,0.10869565217391304,0.0,0.1956521739130435,0.1956521739130435,0.2608695652173913,0.043478260869565216
Análise do Jurídico,0.02127659574468085,0.0,0.0,0.0425531914893617,0.0,0.06382978723404255,0.0425531914893617,0.19148936170212766,0.1702127659574468,0.0,0.23404255319148937,0.1702127659574468,0.06382978723404255
Enviado para a assinatura,0.022222222222222223,0.022222222222222223,0.022222222222222223,0.022222222222222223,0.0,0.022222222222222223,0.1111111111111111,0.06666666666666667,0.2,0.2,0.0,0.26666666666666666,0.044444444444444446
Contrato assinado,0.0,0.0,0.0,0.0,0.0,0.0,0.0,0.0,0.0,0.0,0.0,1.0,0.0
Oportunidade perdida,0.0,0.0,0.0,0.0,0.0,0.0,0.0,0.0,0.0,0.0,0.0,0.0,1.0
