id_oportunidade,etapa_atual,prob_ganho_%
006N400000SnRLYIA3,Análise do Financeiro,58.1
006N400000YsSztIAF,Análise do Financeiro,58.1
006N400000mm9DRIAY,Análise do Financeiro,58.1
006N400000cPtQ6IAK,Análise do Financeiro,58.1
006N400000SqJPpIAN,Enviado para a assinatura,58.0
006N400000eTtWjIAK,Enviado para a assinatura,58.0
006N400000eT0lcIAC,Enviado para a assinatura,58.0
006N400000at0abIAA,Enviado para a assinatura,58.0
006N400000a3qbeIAA,Enviado para a assinatura,58.0
006N400000ke4GwIAI,Enviado para a assinatura,58.0
006N400000YyjGQIAZ,Enviado para a assinatura,58.0
006N400000aGtrsIAC,Enviado para a assinatura,58.0
006N400000dKoOqIAK,Análise do Jurídico,53.3
006N400000ZybpeIAB,Análise do Jurídico,53.3
006N400000cqFmjIAE,Análise do Jurídico,53.3
006N400000ZgdqVIAR,Análise do Jurídico,53.3
006N400000UmELxIAN,Análise do Jurídico,53.3
006N400000a5W0zIAE,Análise do Jurídico,53.3
006N400000ajyrJIAQ,Análise do Jurídico,53.3
006N400000oCyJnIAK,Análise do Jurídico,53.3
006N400000o725EIAQ,Análise do Jurídico,53.3
006N400000jcG3SIAU,Análise do Jurídico,53.3
006N400000ah51LIAQ,Análise de operações comerciais,45.1
006N400000WEB4QIAX,Análise de operações comerciais,45.1
006N400000ZybtkIAB,Análise de operações comerciais,45.1
006N400000Z02iPIAR,Análise de operações comerciais,45.1
006N400000WvgjFIAR,Análise de operações comerciais,45.1
006N400000jJAUnIAO,Análise de operações comerciais,45.1
006N400000bWx7iIAC,Documentação enviada,44.2
006N400000juwicIAA,Documentação enviada,44.2
006N400000oJaHVIA0,Documentação enviada,44.2
006N400000YrTl4IAF,Negociação e ajuste financeiro,26.4
006N400000g0LRfIAM,Negociação e ajuste financeiro,26.4
006N400000YzFwDIAV,Negociação e ajuste financeiro,26.4
006N400000fd5oHIAQ,Negociação e ajuste financeiro,26.4
006N400000kxj1pIAA,Negociação e ajuste financeiro,26.4
006N400000dmRAxIAM,Negociação e ajuste financeiro,26.4
006N400000lVtzeIAC,Negociação e ajuste financeiro,26.4
006N400000bdlrNIAQ,Negociação e ajuste financeiro,26.4
006N400000bf8FdIAI,Negociação e ajuste financeiro,26.4
006N400000bgWe9IAE,Negociação e ajuste financeiro,26.4
006N400000cW0LbIAK,Negociação e ajuste financeiro,26.4
006N400000c7LTFIA2,Negociação e ajuste financeiro,26.4
006N400000a0n0uIAA,Negociação e ajuste financeiro,26.4
006N400000bGResIAG,Negociação e ajuste financeiro,26.4
006N400000cK1ZzIAK,Negociação e ajuste financeiro,26.4
006N400000cKGm1IAG,Negociação e ajuste financeiro,26.4
006N400000ZDe3WIAT,Negociação e ajuste financeiro,26.4
006N400000fefGCIAY,Negociação e ajuste financeiro,26.4
006N400000VXCYPIA5,Negociação e ajuste financeiro,26.4
006N400000VDpUZIA1,Negociação e ajuste financeiro,26.4
006N400000fMQp3IAG,Negociação e ajuste financeiro,26.4
006N400000ZXyFoIAL,Negociação e ajuste financeiro,26.4
006N400000fYuhhIAC,Negociação e ajuste financeiro,26.4
006N400000ZpranIAB,Negociação e ajuste financeiro,26.4
006N400000ZybnSIAR,Negociação e ajuste financeiro,26.4
006N400000aCVmYIAW,Negociação e ajuste financeiro,26.4
006N400000WKfJ9IAL,Negociação e ajuste financeiro,26.4
006N400000WrSqAIAV,Negociação e ajuste financeiro,26.4
006N400000a7vMfIAI,Negociação e ajuste financeiro,26.4
006N400000WzIorIAF,Negociação e ajuste financeiro,26.4
006N400000WtlgbIAB,Negociação e ajuste financeiro,26.4
006N400000WvLV9IAN,Negociação e ajuste financeiro,26.4
006N400000Wt5vvIAB,Negociação e ajuste financeiro,26.4
006N400000X182HIAR,Negociação e ajuste financeiro,26.4
006N400000im44rIAA,Negociação e ajuste financeiro,26.4
006N400000ZybtKIAR,Negociação e ajuste financeiro,26.4
006N400000ZIVlyIAH,Negociação e ajuste financeiro,26.4
006N400000fTwVdIAK,Negociação e ajuste financeiro,26.4
006N400000ZETkQIAX,Negociação e ajuste financeiro,26.4
006N400000daGpSIAU,Negociação e ajuste financeiro,26.4
006N400000eDEHRIA4,Negociação e ajuste financeiro,26.4
006N400000eLVTCIA4,Negociação e ajuste financeiro,26.4
006N400000eoVUhIAM,Negociação e ajuste financeiro,26.4
006N400000nMCKuIAO,Negociação e ajuste financeiro,26.4
006N400000ZnvtrIAB,Proposta personalizada,13.0
006N400000dkw7NIAQ,Proposta personalizada,13.0
006N400000eQl14IAC,Proposta personalizada,13.0
006N400000eHTudIAG,Proposta personalizada,13.0
006N400000ecricIAA,Proposta personalizada,13.0
006N400000ZMGEsIAP,Proposta personalizada,13.0
006N400000Yt3BOIAZ,Proposta personalizada,13.0
006N400000Y9dJWIAZ,Proposta personalizada,13.0
006N400000gSTyHIAW,Proposta personalizada,13.0
006N400000XBTBmIAP,Proposta personalizada,13.0
006N400000ZZVcgIAH,Proposta personalizada,13.0
006N400000emvt3IAA,Proposta personalizada,13.0
006N400000ZkCy5IAF,Proposta personalizada,13.0
006N400000ec7EPIAY,Proposta personalizada,13.0
006N400000ZmdnhIAB,Proposta personalizada,13.0
006N400000eXQWMIA4,Proposta personalizada,13.0
006N400000ZgmtkIAB,Proposta personalizada,13.0
006N400000ZafmsIAB,Proposta personalizada,13.0
006N400000ZYJgrIAH,Proposta personalizada,13.0
006N400000exeC6IAI,Proposta personalizada,13.0
006N400000fVXzRIAW,Proposta personalizada,13.0
006N400000oJVgBIAW,Proposta personalizada,13.0
006N400000gkg0sIAA,Proposta personalizada,13.0
006N400000UMTwXIAX,Proposta personalizada,13.0
006N400000UM1cEIAT,Proposta personalizada,13.0
006N400000aM4wHIAS,Proposta personalizada,13.0
006N400000aM1WzIAK,Proposta personalizada,13.0
006N400000WrKKlIAN,Proposta personalizada,13.0
006N400000WvfnEIAR,Proposta personalizada,13.0
006N400000bGLEVIA4,Proposta personalizada,13.0
006N400000agBbrIAE,Proposta personalizada,13.0
006N400000a7MLyIAM,Proposta personalizada,13.0
006N400000ZybvJIAR,Proposta personalizada,13.0
006N400000aoQyhIAE,Proposta personalizada,13.0
006N400000iWhgPIAS,Proposta personalizada,13.0
006N400000j8xkHIAQ,Proposta personalizada,13.0
006N400000iYs9ZIAS,Proposta personalizada,13.0
006N400000b4STYIA2,Proposta personalizada,13.0
006N400000iU9iwIAC,Proposta personalizada,13.0
006N400000bjhGRIAY,Proposta personalizada,13.0
006N400000jup2mIAA,Proposta personalizada,13.0
006N400000juG09IAE,Proposta personalizada,13.0
006N400000ZybprIAB,Proposta personalizada,13.0
006N400000bLVLJIA4,Proposta personalizada,13.0
006N400000bMZxxIAG,Proposta personalizada,13.0
006N400000bMkRtIAK,Proposta personalizada,13.0
006N400000cGQWxIAO,Proposta personalizada,13.0
006N400000lJHOlIAO,Proposta personalizada,13.0
006N400000cZATKIA4,Proposta personalizada,13.0
006N400000Zybq0IAB,Proposta personalizada,13.0
006N400000lWBN3IAO,Proposta personalizada,13.0
006N400000csEUpIAM,Proposta personalizada,13.0
006N400000lKjIrIAK,Proposta personalizada,13.0
006N400000brWSfIAM,Proposta personalizada,13.0
006N400000brvEDIAY,Proposta personalizada,13.0
006N400000cExbpIAC,Proposta personalizada,13.0
006N400000ZpyajIAB,Proposta personalizada,13.0
006N400000ZpsdMIAR,Proposta personalizada,13.0
006N400000Zo1pZIAR,Proposta personalizada,13.0
006N400000bJ1ZPIA0,Proposta personalizada,13.0
006N400000ZybpsIAB,Proposta personalizada,13.0
006N400000bFnRMIA0,Proposta personalizada,13.0
006N400000hjM24IAE,Proposta personalizada,13.0
006N400000heBjyIAE,Proposta personalizada,13.0
006N400000ag5jNIAQ,Proposta personalizada,13.0
006N400000h5buDIAQ,Proposta tabela,11.4
006N400000h5nk6IAA,Proposta tabela,11.4
006N400000hTtLKIA0,Proposta tabela,11.4
006N400000nv1XpIAI,Proposta tabela,11.4
006N400000gNBx3IAG,Proposta tabela,11.4
006N400000oMhBCIA0,Proposta tabela,11.4
006N400000ZjcGXIAZ,Proposta tabela,11.4
006N400000ZMBOtIAP,Proposta tabela,11.4
006N400000ZmJozIAF,Proposta tabela,11.4
006N400000ZaeNoIAJ,Proposta tabela,11.4
006N400000ZN0WGIA1,Proposta tabela,11.4
006N400000ZHjvqIAD,Proposta tabela,11.4
006N400000heE9yIAE,Proposta tabela,11.4
006N400000hr5qSIAQ,Proposta tabela,11.4
006N400000f8DRvIAM,Proposta tabela,11.4
006N400000XtDODIA3,Proposta tabela,11.4
006N400000XA2DfIAL,Proposta tabela,11.4
006N400000YQA3PIAX,Proposta tabela,11.4
006N400000YQCA4IAP,Proposta tabela,11.4
006N400000fwLdxIAE,Proposta tabela,11.4
006N400000YPt97IAD,Proposta tabela,11.4
006N400000Z2oasIAB,Proposta tabela,11.4
006N400000ZB4yeIAD,Proposta tabela,11.4
006N400000dkzzjIAA,Proposta tabela,11.4
006N400000ZybnxIAB,Proposta tabela,11.4
006N400000eQCRXIA4,Proposta tabela,11.4
006N400000mL0MLIA0,Proposta tabela,11.4
006N400000eHh9bIAC,Proposta tabela,11.4
006N400000eHxavIAC,Proposta tabela,11.4
006N400000eMMzFIAW,Proposta tabela,11.4
006N400000eNy9OIAS,Proposta tabela,11.4
006N400000eb0iBIAQ,Proposta tabela,11.4
006N400000ZjhO4IAJ,Proposta tabela,11.4
006N400000ejyYrIAI,Proposta tabela,11.4
006N400000ZpxrVIAR,Proposta tabela,11.4
006N400000en623IAA,Proposta tabela,11.4
006N400000emzTbIAI,Proposta tabela,11.4
006N400000nD30jIAC,Proposta tabela,11.4
006N400000lEyJ1IAK,Proposta tabela,11.4
006N400000dlCCAIA2,Proposta tabela,11.4
006N400000lSo8TIAS,Proposta tabela,11.4
006N400000cMIhzIAG,Proposta tabela,11.4
006N400000cNy0pIAC,Proposta tabela,11.4
006N400000dEI8IIAW,Proposta tabela,11.4
006N400000dMJ3yIAG,Proposta tabela,11.4
006N400000cq4RRIAY,Proposta tabela,11.4
006N400000cnlXoIAI,Proposta tabela,11.4
006N400000dxdF1IAI,Proposta tabela,11.4
006N400000cnakTIAQ,Proposta tabela,11.4
006N400000cLuVxIAK,Proposta tabela,11.4
006N400000ZybpxIAB,Proposta tabela,11.4
006N400000cW9tWIAS,Proposta tabela,11.4
006N400000ZyboOIAR,Proposta tabela,11.4
006N400000ldLccIAE,Proposta tabela,11.4
006N400000ZybtHIAR,Proposta tabela,11.4
006N400000jpI95IAE,Proposta tabela,11.4
006N400000bM92XIAS,Proposta tabela,11.4
006N400000ZybqRIAR,Proposta tabela,11.4
006N400000bqKrpIAE,Proposta tabela,11.4
006N400000Zybt6IAB,Proposta tabela,11.4
006N400000Zybr7IAB,Proposta tabela,11.4
006N400000bbI0mIAE,Proposta tabela,11.4
006N400000kAS5RIAW,Proposta tabela,11.4
006N400000cFuiRIAS,Proposta tabela,11.4
006N400000lFnDRIA0,Proposta tabela,11.4
006N400000ZybtnIAB,Proposta tabela,11.4
006N400000bMvjtIAC,Proposta tabela,11.4
006N400000iQFlHIAW,Proposta tabela,11.4
006N400000af6MUIAY,Proposta tabela,11.4
006N400000b40SQIAY,Proposta tabela,11.4
006N400000au44LIAQ,Proposta tabela,11.4
006N400000ZybwCIAR,Proposta tabela,11.4
006N400000ZyburIAB,Proposta tabela,11.4
006N400000aTqEjIAK,Proposta tabela,11.4
006N400000ZybueIAB,Proposta tabela,11.4
006N400000ZybveIAB,Proposta tabela,11.4
006N400000aITV7IAO,Proposta tabela,11.4
006N400000aNHRfIAO,Proposta tabela,11.4
006N400000aOskBIAS,Proposta tabela,11.4
006N400000aIffuIAC,Proposta tabela,11.4
006N400000a9HUjIAM,Proposta tabela,11.4
006N400000a7JFhIAM,Proposta tabela,11.4
006N400000aPg2YIAS,Proposta tabela,11.4
006N400000aKHxjIAG,Proposta tabela,11.4
006N400000aN6BFIA0,Proposta tabela,11.4
006N400000Wt9bQIAR,Proposta tabela,11.4
006N400000ZybwBIAR,Proposta tabela,11.4
006N400000AZoSRIA1,Validação pedagógica,6.1
006N400000TH6ebIAD,Validação pedagógica,6.1
006N400000WzOKjIAN,Validação pedagógica,6.1
006N400000WviRhIAJ,Validação pedagógica,6.1
006N400000WvflZIAR,Validação pedagógica,6.1
006N400000WvKHMIA3,Validação pedagógica,6.1
006N400000WvIgzIAF,Validação pedagógica,6.1
006N400000WvAoFIAV,Validação pedagógica,6.1
006N400000UsiPYIAZ,Validação pedagógica,6.1
006N400000grljlIAA,Validação pedagógica,6.1
006N400000fjB2yIAE,Validação pedagógica,6.1
006N400000fkDp5IAE,Validação pedagógica,6.1
006N400000fkLy7IAE,Validação pedagógica,6.1
006N400000flalEIAQ,Validação pedagógica,6.1
006N400000fnFr7IAE,Validação pedagógica,6.1
006N400000a1TkpIAE,Validação pedagógica,6.1
006N400000ieIZgIAM,Validação pedagógica,6.1
006N400000iepSIIAY,Validação pedagógica,6.1
006N400000ao4uvIAA,Validação pedagógica,6.1
006N400000aKpzRIAS,Validação pedagógica,6.1
006N400000aMOGiIAO,Validação pedagógica,6.1
006N400000aMwOnIAK,Validação pedagógica,6.1
006N400000aO6kHIAS,Validação pedagógica,6.1
006N400000aP2l3IAC,Validação pedagógica,6.1
006N400000YzzxLIAR,Validação pedagógica,6.1
006N400000ZCvMgIAL,Validação pedagógica,6.1
006N400000ZE7rvIAD,Validação pedagógica,6.1
006N400000ZEN2DIAX,Validação pedagógica,6.1
006N400000ZHn9sIAD,Validação pedagógica,6.1
006N400000ZJlC1IAL,Validação pedagógica,6.1
006N400000gAECnIAO,Validação pedagógica,6.1
006N400000gK5RZIA0,Validação pedagógica,6.1
006N400000hdgZiIAI,Validação pedagógica,6.1
006N400000hnbYkIAI,Validação pedagógica,6.1
006N400000hnkCDIAY,Validação pedagógica,6.1
006N400000htV8uIAE,Validação pedagógica,6.1
006N400000hxiqiIAA,Validação pedagógica,6.1
006N400000jOnc0IAC,Validação pedagógica,6.1
006N400000aRVRBIA4,Validação pedagógica,6.1
006N400000aUtFJIA0,Validação pedagógica,6.1
006N400000aVvzlIAC,Validação pedagógica,6.1
006N400000aXW7hIAG,Validação pedagógica,6.1
006N400000acdjaIAA,Validação pedagógica,6.1
006N400000aezxhIAA,Validação pedagógica,6.1
006N400000ajbZoIAI,Validação pedagógica,6.1
006N400000ZybwbIAB,Validação pedagógica,6.1
006N400000ZzuE1IAJ,Validação pedagógica,6.1
006N400000iRcO2IAK,Validação pedagógica,6.1
006N400000iVW5ZIAW,Validação pedagógica,6.1
006N400000iXWarIAG,Validação pedagógica,6.1
006N400000arawfIAA,Validação pedagógica,6.1
006N400000arcNWIAY,Validação pedagógica,6.1
006N400000b1GF7IAM,Validação pedagógica,6.1
006N400000b1zlhIAA,Validação pedagógica,6.1
006N400000bDXH2IAO,Validação pedagógica,6.1
006N400000ZybupIAB,Validação pedagógica,6.1
006N400000i0YQ9IAM,Validação pedagógica,6.1
006N400000f2CX0IAM,Validação pedagógica,6.1
006N400000f2qCbIAI,Validação pedagógica,6.1
006N400000f2qZEIAY,Validação pedagógica,6.1
006N400000fZ3JZIA0,Validação pedagógica,6.1
006N400000fZvAIIA0,Validação pedagógica,6.1
006N400000ZL1JWIA1,Validação pedagógica,6.1
006N400000ZMKf7IAH,Validação pedagógica,6.1
006N400000ZNBbMIAX,Validação pedagógica,6.1
006N400000jhxvlIAA,Validação pedagógica,6.1
006N400000ZybtJIAR,Validação pedagógica,6.1
006N400000ZybtOIAR,Validação pedagógica,6.1
006N400000Zybu0IAB,Validação pedagógica,6.1
006N400000Zybu8IAB,Validação pedagógica,6.1
006N400000bPodqIAC,Validação pedagógica,6.1
006N400000iFvaxIAC,Validação pedagógica,6.1
006N400000iGGvVIAW,Validação pedagógica,6.1
006N400000ZNmj1IAD,Validação pedagógica,6.1
006N400000ZOEAXIA5,Validação pedagógica,6.1
006N400000ZZcPhIAL,Validação pedagógica,6.1
006N400000ZadoHIAR,Validação pedagógica,6.1
006N400000fdCjLIAU,Validação pedagógica,6.1
006N400000enkYwIAI,Validação pedagógica,6.1
006N400000epysjIAA,Validação pedagógica,6.1
006N400000ewsPDIAY,Validação pedagógica,6.1
006N400000ex1PFIAY,Validação pedagógica,6.1
006N400000exkiwIAA,Validação pedagógica,6.1
006N400000ezGtdIAE,Validação pedagógica,6.1
006N400000f0ZW2IAM,Validação pedagógica,6.1
006N400000f0lnLIAQ,Validação pedagógica,6.1
006N400000ZybqNIAR,Validação pedagógica,6.1
006N400000ZybqsIAB,Validação pedagógica,6.1
006N400000Zybr5IAB,Validação pedagógica,6.1
006N400000bhELlIAM,Validação pedagógica,6.1
006N400000bq5PjIAI,Validação pedagógica,6.1
006N400000bGX61IAG,Validação pedagógica,6.1
006N400000bGqqAIAS,Validação pedagógica,6.1
006N400000bHSqbIAG,Validação pedagógica,6.1
006N400000bJeHNIA0,Validação pedagógica,6.1
006N400000bMTHNIA4,Validação pedagógica,6.1
006N400000bMeccIAC,Validação pedagógica,6.1
006N400000jdLdmIAE,Validação pedagógica,6.1
006N400000cF2i2IAC,Validação pedagógica,6.1
006N400000bS65CIAS,Validação pedagógica,6.1
006N400000bSDGLIA4,Validação pedagógica,6.1
006N400000bTVZOIA4,Validação pedagógica,6.1
006N400000bWvcBIAS,Validação pedagógica,6.1
006N400000bX4tyIAC,Validação pedagógica,6.1
006N400000k7GqLIAU,Validação pedagógica,6.1
006N400000nDyBuIAK,Validação pedagógica,6.1
006N400000ZhBqTIAV,Validação pedagógica,6.1
006N400000ZjzRQIAZ,Validação pedagógica,6.1
006N400000eRX0tIAG,Validação pedagógica,6.1
006N400000efkJHIAY,Validação pedagógica,6.1
006N400000efzWnIAI,Validação pedagógica,6.1
006N400000eiKQeIAM,Validação pedagógica,6.1
006N400000ejHorIAE,Validação pedagógica,6.1
006N400000ejyFWIAY,Validação pedagógica,6.1
006N400000emTqIIAU,Validação pedagógica,6.1
006N400000lviMGIAY,Validação pedagógica,6.1
006N400000lwtInIAI,Validação pedagógica,6.1
006N400000cQlobIAC,Validação pedagógica,6.1
006N400000cn6w8IAA,Validação pedagógica,6.1
006N400000c0ZxbIAE,Validação pedagógica,6.1
006N400000c54uuIAA,Validação pedagógica,6.1
006N400000c59XpIAI,Validação pedagógica,6.1
006N400000c6zCkIAI,Validação pedagógica,6.1
006N400000kYtcHIAS,Validação pedagógica,6.1
006N400000l1MHxIAM,Validação pedagógica,6.1
006N400000dqLZuIAM,Validação pedagógica,6.1
006N400000eBa9CIAS,Validação pedagógica,6.1
006N400000cyIp5IAE,Validação pedagógica,6.1
006N400000cNcbOIAS,Validação pedagógica,6.1
006N400000lT57iIAC,Validação pedagógica,6.1
006N400000ZybpKIAR,Validação pedagógica,6.1
006N400000ZmlrhIAB,Validação pedagógica,6.1
006N400000ZmnNHIAZ,Validação pedagógica,6.1
006N400000ZmsefIAB,Validação pedagógica,6.1
006N400000Zmt1FIAR,Validação pedagógica,6.1
006N400000Zp1XOIAZ,Validação pedagógica,6.1
006N400000Zs00YIAR,Validação pedagógica,6.1
006N400000eL4G7IAK,Validação pedagógica,6.1
006N400000eMsh4IAC,Validação pedagógica,6.1
006N400000eQETKIA4,Validação pedagógica,6.1
006N400000eQodGIAS,Validação pedagógica,6.1
006N400000mjrxNIAQ,Validação pedagógica,6.1
006N400000ZybnAIAR,Validação pedagógica,6.1
006N400000ZybnMIAR,Validação pedagógica,6.1
006N400000ZybnOIAR,Validação pedagógica,6.1
006N400000Zybo4IAB,Validação pedagógica,6.1
006N400000dZe95IAC,Validação pedagógica,6.1
006N400000dnKNJIA2,Validação pedagógica,6.1
006N400000dnPBhIAM,Validação pedagógica,6.1
006N400000nXFfCIAW,Validação pedagógica,6.1
006N400000X1PHVIA3,Validação pedagógica,6.1
006N400000gx1MZIAY,Validação pedagógica,6.1
006N400000hayWLIAY,Validação pedagógica,6.1
006N400000hbFlhIAE,Validação pedagógica,6.1
006N400000gPOVDIA4,Validação pedagógica,6.1
006N400000gVm1oIAC,Validação pedagógica,6.1
006N400000gW6i1IAC,Validação pedagógica,6.1
006N400000gWgGuIAK,Validação pedagógica,6.1
006N400000X4WWLIA3,Validação pedagógica,6.1
006N400000X4ahvIAB,Validação pedagógica,6.1
006N400000YB966IAD,Validação pedagógica,6.1
006N400000a8Oq2IAE,Validação pedagógica,6.1
006N400000a8i2OIAQ,Validação pedagógica,6.1
006N400000a9RymIAE,Validação pedagógica,6.1
006N400000aAhTfIAK,Validação pedagógica,6.1
006N400000aIB6jIAG,Validação pedagógica,6.1
006N400000WHHOkIAP,Validação pedagógica,6.1
006N400000WqgAPIAZ,Validação pedagógica,6.1
006N400000guBdLIAU,Validação pedagógica,6.1
006N400000nWCjNIAW,Material entregue,6.0
006N400000nVCQWIA4,Material entregue,6.0
006N400000gwxykIAA,Material entregue,6.0
006N400000gwDmLIAU,Material entregue,6.0
006N400000o7cgWIAQ,Material entregue,6.0
006N400000a9Ps7IAE,Material entregue,6.0
006N400000a7KTaIAM,Material entregue,6.0
006N400000a6oJxIAI,Material entregue,6.0
006N400000gPzg2IAC,Material entregue,6.0
006N400000hNH94IAG,Material entregue,6.0
006N400000hLZi0IAG,Material entregue,6.0
006N400000hEQJdIAO,Material entregue,6.0
006N400000dmblFIAQ,Material entregue,6.0
006N400000ZybnnIAB,Material entregue,6.0
006N400000ZybnUIAR,Material entregue,6.0
006N400000ZybnBIAR,Material entregue,6.0
006N400000Zybn1IAB,Material entregue,6.0
006N400000mjsTkIAI,Material entregue,6.0
006N400000midGjIAI,Material entregue,6.0
006N400000meOrDIAU,Material entregue,6.0
006N400000m90RmIAI,Material entregue,6.0
006N400000eMhNXIA0,Material entregue,6.0
006N400000eLqauIAC,Material entregue,6.0
006N400000eKpPBIA0,Material entregue,6.0
006N400000Zoy6YIAR,Material entregue,6.0
006N400000Zn4HdIAJ,Material entregue,6.0
006N400000ZybpOIAR,Material entregue,6.0
006N400000ZyboBIAR,Material entregue,6.0
006N400000lduqTIAQ,Material entregue,6.0
006N400000cPT2YIAW,Material entregue,6.0
006N400000cLpeOIAS,Material entregue,6.0
006N400000dC9dnIAC,Material entregue,6.0
006N400000cy6sfIAA,Material entregue,6.0
006N400000cwMdUIAU,Material entregue,6.0
006N400000cvxALIAY,Material entregue,6.0
006N400000dsS45IAE,Material entregue,6.0
006N400000kjpIQIAY,Material entregue,6.0
006N400000c9Pe5IAE,Material entregue,6.0
006N400000cPsiVIAS,Material entregue,6.0
006N400000m8GYeIAM,Material entregue,6.0
006N400000m4UDZIA2,Material entregue,6.0
006N400000m1GQVIA2,Material entregue,6.0
006N400000eSQBpIAO,Material entregue,6.0
006N400000eSCtfIAG,Material entregue,6.0
006N400000ZhOEDIA3,Material entregue,6.0
006N400000ZdaibIAB,Material entregue,6.0
006N400000ZbqEvIAJ,Material entregue,6.0
006N400000ZbE1RIAV,Material entregue,6.0
006N400000kBaSLIA0,Material entregue,6.0
006N400000kBZ02IAG,Material entregue,6.0
006N400000k8Wt4IAE,Material entregue,6.0
006N400000k5P0DIAU,Material entregue,6.0
006N400000jvwTZIAY,Material entregue,6.0
006N400000bTUzxIAG,Material entregue,6.0
006N400000cFTewIAG,Material entregue,6.0
006N400000lDfvBIAS,Material entregue,6.0
006N400000l8WPRIA2,Material entregue,6.0
006N400000jTZoUIAW,Material entregue,6.0
006N400000ZybtGIAR,Material entregue,6.0
006N400000kYVwaIAG,Material entregue,6.0
006N400000kE8pdIAC,Material entregue,6.0
006N400000mmPdDIAU,Material entregue,6.0
006N400000exg94IAA,Material entregue,6.0
006N400000etciNIAQ,Material entregue,6.0
006N400000iR33iIAC,Material entregue,6.0
006N400000iQys2IAC,Material entregue,6.0
006N400000iOURqIAO,Material entregue,6.0
006N400000iDvbpIAC,Material entregue,6.0
006N400000bQEBmIAO,Material entregue,6.0
006N400000bPoHFIA0,Material entregue,6.0
006N400000bMwZaIAK,Material entregue,6.0
006N400000jkkFfIAI,Material entregue,6.0
006N400000ZmNfjIAF,Material entregue,6.0
006N400000fLb9pIAC,Material entregue,6.0
006N400000f1DBjIAM,Material entregue,6.0
006N400000iDU3rIAG,Material entregue,6.0
006N400000iD6O4IAK,Material entregue,6.0
006N400000i30BsIAI,Material entregue,6.0
006N400000hzxqQIAQ,Material entregue,6.0
006N400000Zybw3IAB,Material entregue,6.0
006N400000ZybumIAB,Material entregue,6.0
006N400000jKusEIAS,Material entregue,6.0
006N400000jARD7IAO,Material entregue,6.0
006N400000b1SmYIAU,Material entregue,6.0
006N400000atMJTIA2,Material entregue,6.0
006N400000iUKJJIA4,Material entregue,6.0
006N400000Zybx8IAB,Material entregue,6.0
006N400000aiDmPIAU,Material entregue,6.0
006N400000jPmu0IAC,Material entregue,6.0
006N400000jPFl8IAG,Material entregue,6.0
006N400000jOn5lIAC,Material entregue,6.0
006N400000jM3S2IAK,Material entregue,6.0
006N400000hnkIfIAI,Material entregue,6.0
006N400000hjJwzIAE,Material entregue,6.0
006N400000gIj3LIAS,Material entregue,6.0
006N400000aMXS7IAO,Material entregue,6.0
006N400000aL1NmIAK,Material entregue,6.0
006N400000j5Sg5IAE,Material entregue,6.0
006N400000isJkHIAU,Material entregue,6.0
006N400000iiO0VIAU,Material entregue,6.0
006N400000ieysBIAQ,Material entregue,6.0
006N400000iePuUIAU,Material entregue,6.0
006N400000g127dIAA,Material entregue,6.0
006N400000fshLJIAY,Material entregue,6.0
006N400000fdwAzIAI,Material entregue,6.0
006N400000grcEFIAY,Material entregue,6.0
006N400000gkERBIA2,Material entregue,6.0
006N400000gZyltIAC,Material entregue,6.0
006N400000nOoU9IAK,Material entregue,6.0
006N400000nOALQIA4,Material entregue,6.0
006N400000YQrd7IAD,Material entregue,6.0
006N400000YQ3YAIA1,Material entregue,6.0
006N400000WtASaIAN,Material entregue,6.0
006N400000WzaVjIAJ,Material entregue,6.0
006N400000VyqpzIAB,Solicitação de material,4.0
006N400000W1fI5IAJ,Solicitação de material,4.0
006N400000WC1XOIA1,Solicitação de material,4.0
006N400000nydX9IAI,Solicitação de material,4.0
006N400000nzy6HIAQ,Solicitação de material,4.0
006N400000o3l8xIAA,Solicitação de material,4.0
006N400000o4bqbIAA,Solicitação de material,4.0
006N400000o7bkUIAQ,Solicitação de material,4.0
006N400000oB6QKIA0,Solicitação de material,4.0
006N400000oC3RxIAK,Solicitação de material,4.0
006N400000oFqj5IAC,Solicitação de material,4.0
006N400000oGFWBIA4,Solicitação de material,4.0
006N400000oGeJFIA0,Solicitação de material,4.0
006N400000oIJIlIAO,Solicitação de material,4.0
006N400000oIk4QIAS,Solicitação de material,4.0
006N400000h2opZIAQ,Solicitação de material,4.0
006N400000h3x7dIAA,Solicitação de material,4.0
006N400000hUeP4IAK,Solicitação de material,4.0
006N400000hcSnJIAU,Solicitação de material,4.0
006N400000gNjp5IAC,Solicitação de material,4.0
006N400000gNlm3IAC,Solicitação de material,4.0
006N400000grY51IAE,Solicitação de material,4.0
006N400000grlwfIAA,Solicitação de material,4.0
006N400000fyjIqIAI,Solicitação de material,4.0
006N400000gMMswIAG,Solicitação de material,4.0
006N400000fEuluIAC,Solicitação de material,4.0
006N400000fLS3OIAW,Solicitação de material,4.0
006N400000f1AQnIAM,Solicitação de material,4.0
006N400000dmfonIAA,Solicitação de material,4.0
006N400000dnEEkIAM,Solicitação de material,4.0
006N400000eBdQPIA0,Solicitação de material,4.0
006N400000cop7xIAA,Solicitação de material,4.0
006N400000crLejIAE,Solicitação de material,4.0
006N400000dJczHIAS,Solicitação de material,4.0
006N400000cLMngIAG,Solicitação de material,4.0
006N400000cLVz2IAG,Solicitação de material,4.0
006N400000cgnMeIAI,Solicitação de material,4.0
006N400000bzJEwIAM,Solicitação de material,4.0
006N400000bfu7PIAQ,Solicitação de material,4.0
006N400000iUgq9IAC,Solicitação de material,4.0
006N400000ibGR3IAM,Solicitação de material,4.0
006N400000axqdnIAA,Solicitação de material,4.0
006N400000aYF9cIAG,Solicitação de material,4.0
006N400000aPTYOIA4,Solicitação de material,4.0
006N400000a8M6fIAE,Solicitação de material,4.0
006N400000Zybw5IAB,Solicitação de material,4.0
006N400000Zybw8IAB,Solicitação de material,4.0
006N400000ZybwSIAR,Solicitação de material,4.0
006N400000ZybwhIAB,Solicitação de material,4.0
006N400000Zybx3IAB,Solicitação de material,4.0
006N400000ZybxLIAR,Solicitação de material,4.0
006N400000ZybxQIAR,Solicitação de material,4.0
006N400000ibaeNIAQ,Solicitação de material,4.0
006N400000ie7skIAA,Solicitação de material,4.0
006N400000j2IQNIA2,Solicitação de material,4.0
006N400000j3OQTIA2,Solicitação de material,4.0
006N400000ZybuZIAR,Solicitação de material,4.0
006N400000ZybuiIAB,Solicitação de material,4.0
006N400000ZybulIAB,Solicitação de material,4.0
006N400000ZybuvIAB,Solicitação de material,4.0
006N400000ZybvVIAR,Solicitação de material,4.0
006N400000ZybvWIAR,Solicitação de material,4.0
006N400000ZybvkIAB,Solicitação de material,4.0
006N400000ZybvtIAB,Solicitação de material,4.0
006N400000ZybvwIAB,Solicitação de material,4.0
006N400000jTQtFIAW,Solicitação de material,4.0
006N400000jdni5IAA,Solicitação de material,4.0
006N400000ZybtQIAR,Solicitação de material,4.0
006N400000ZybtSIAR,Solicitação de material,4.0
006N400000ZybtYIAR,Solicitação de material,4.0
006N400000ZybteIAB,Solicitação de material,4.0
006N400000ZybtjIAB,Solicitação de material,4.0
006N400000ZybtmIAB,Solicitação de material,4.0
006N400000ZybtyIAB,Solicitação de material,4.0
006N400000ZybtzIAB,Solicitação de material,4.0
006N400000ZybuMIAR,Solicitação de material,4.0
006N400000k77IQIAY,Solicitação de material,4.0
006N400000k7cEEIAY,Solicitação de material,4.0
006N400000k9eWoIAI,Solicitação de material,4.0
006N400000k9egTIAQ,Solicitação de material,4.0
006N400000k9h4rIAA,Solicitação de material,4.0
006N400000kP2KHIA0,Solicitação de material,4.0
006N400000kQ2uvIAC,Solicitação de material,4.0
006N400000ZybqXIAR,Solicitação de material,4.0
006N400000ZybqfIAB,Solicitação de material,4.0
006N400000ZybqoIAB,Solicitação de material,4.0
006N400000ZybqrIAB,Solicitação de material,4.0
006N400000ZybrEIAR,Solicitação de material,4.0
006N400000ZybrFIAR,Solicitação de material,4.0
006N400000Zybt5IAB,Solicitação de material,4.0
006N400000ZybtFIAR,Solicitação de material,4.0
006N400000kaCjMIAU,Solicitação de material,4.0
006N400000kagJCIAY,Solicitação de material,4.0
006N400000kslM1IAI,Solicitação de material,4.0
006N400000l0g5tIAA,Solicitação de material,4.0
006N400000l0ggvIAA,Solicitação de material,4.0
006N400000l2rEvIAI,Solicitação de material,4.0
006N400000l3ERcIAM,Solicitação de material,4.0
006N400000l3SfqIAE,Solicitação de material,4.0
006N400000l3vMrIAI,Solicitação de material,4.0
006N400000l4CsMIAU,Solicitação de material,4.0
006N400000ZybpUIAR,Solicitação de material,4.0
006N400000ZybpbIAB,Solicitação de material,4.0
006N400000ZybpgIAB,Solicitação de material,4.0
006N400000ZybpiIAB,Solicitação de material,4.0
006N400000ZybpwIAB,Solicitação de material,4.0
006N400000Zybq1IAB,Solicitação de material,4.0
006N400000Zybq3IAB,Solicitação de material,4.0
006N400000ZybqAIAR,Solicitação de material,4.0
006N400000ZybqDIAR,Solicitação de material,4.0
006N400000ZybqFIAR,Solicitação de material,4.0
006N400000ZybqMIAR,Solicitação de material,4.0
006N400000lDOWLIA4,Solicitação de material,4.0
006N400000lRR5tIAG,Solicitação de material,4.0
006N400000lVpCrIAK,Solicitação de material,4.0
006N400000lZgirIAC,Solicitação de material,4.0
006N400000laIwDIAU,Solicitação de material,4.0
006N400000Zybo7IAB,Solicitação de material,4.0
006N400000Zybo9IAB,Solicitação de material,4.0
006N400000ZyboEIAR,Solicitação de material,4.0
006N400000ZyboSIAR,Solicitação de material,4.0
006N400000ZyboTIAR,Solicitação de material,4.0
006N400000ZyboXIAR,Solicitação de material,4.0
006N400000ZybobIAB,Solicitação de material,4.0
006N400000ZyboxIAB,Solicitação de material,4.0
006N400000Zybp9IAB,Solicitação de material,4.0
006N400000ZybpHIAR,Solicitação de material,4.0
006N400000ZybpLIAR,Solicitação de material,4.0
006N400000ZybpQIAR,Solicitação de material,4.0
006N400000lnQhUIAU,Solicitação de material,4.0
006N400000m8nUbIAI,Solicitação de material,4.0
006N400000m8qiaIAA,Solicitação de material,4.0
006N400000mC6veIAC,Solicitação de material,4.0
006N400000mJAeLIAW,Solicitação de material,4.0
006N400000Zybn7IAB,Solicitação de material,4.0
006N400000Zybn8IAB,Solicitação de material,4.0
006N400000ZybnRIAR,Solicitação de material,4.0
006N400000ZybnoIAB,Solicitação de material,4.0
006N400000ZybnvIAB,Solicitação de material,4.0
006N400000ZybnzIAB,Solicitação de material,4.0
006N400000ZoQciIAF,Solicitação de material,4.0
006N400000mkH0cIAE,Solicitação de material,4.0
006N400000mlXYDIA2,Solicitação de material,4.0
006N400000mpWLZIA2,Solicitação de material,4.0
006N400000msii2IAA,Solicitação de material,4.0
006N400000mx1yvIAA,Solicitação de material,4.0
006N400000mx2OjIAI,Solicitação de material,4.0
006N400000mx2oXIAQ,Solicitação de material,4.0
006N400000n2JAQIA2,Solicitação de material,4.0
006N400000nHsnlIAC,Solicitação de material,4.0
006N400000nJqoJIAS,Solicitação de material,4.0
006N400000nLPf7IAG,Solicitação de material,4.0
006N400000ZbzzdIAB,Solicitação de material,4.0
006N400000ZhpzFIAR,Solicitação de material,4.0
006N400000ZWdtKIAT,Solicitação de material,4.0
006N400000ZZX1oIAH,Solicitação de material,4.0
006N400000X4mHhIAJ,Solicitação de material,4.0
006N400000X9VXsIAN,Solicitação de material,4.0
006N400000nMJChIAO,Solicitação de material,4.0
006N400000nNAdZIAW,Solicitação de material,4.0
006N400000nNKczIAG,Solicitação de material,4.0
006N400000nPE1yIAG,Solicitação de material,4.0
006N400000nPEd3IAG,Solicitação de material,4.0
006N400000nPFE9IAO,Solicitação de material,4.0
006N400000nRJDfIAO,Solicitação de material,4.0
006N400000nSRSTIA4,Solicitação de material,4.0
006N400000nVbzyIAC,Solicitação de material,4.0
006N400000nW5RnIAK,Solicitação de material,4.0
006N400000nY2bCIAS,Solicitação de material,4.0
006N400000WtZabIAF,Solicitação de material,4.0
006N400000naFfRIAU,Solicitação de material,4.0
006N400000nb2ZmIAI,Solicitação de material,4.0
006N400000ndruhIAA,Solicitação de material,4.0
006N400000nfY9ZIAU,Solicitação de material,4.0
006N400000niO42IAE,Solicitação de material,4.0
006N400000nj4JPIAY,Solicitação de material,4.0
006N400000nj4RUIAY,Solicitação de material,4.0
006N400000njGdtIAE,Solicitação de material,4.0
006N400000njIcTIAU,Solicitação de material,4.0
006N400000njVeXIAU,Solicitação de material,4.0
006N400000nlfQAIAY,Solicitação de material,4.0
006N400000nlicTIAQ,Solicitação de material,4.0
006N400000nms3ZIAQ,Solicitação de material,4.0
006N400000noPv4IAE,Solicitação de material,4.0
006N400000nrlnlIAA,Solicitação de material,4.0
006N400000T7VrGIAV,Solicitação de material,4.0
006N400000Lv4yrIAB,Solicitação de material,4.0
006N400000oMwerIAC,Solicitação de material,4.0
006N400000oSL4oIAG,Solicitação de material,4.0
006N400000oUy5BIAS,Solicitação de material,4.0
