,Contrato assinado,Oportunidade perdida
Solicitação de material,0.05455568654728462,0.9454443134527155
Material entregue,0.09242038651431948,0.9075796134856805
Validação pedagógica,0.10138542919141319,0.8986145708085871
Proposta tabela,0.2157582480726355,0.7842417519273646
Proposta personalizada,0.3060109289617486,0.6939890710382514
Negociação e ajuste financeiro,0.6229508196721312,0.3770491803278688
Documentação enviada,0.8306010928961749,0.16939890710382513
Análise de operações comerciais,0.8306010928961749,0.16939890710382513
Análise do Financeiro,0.9333333333333333,0.06666666666666667
Análise do Jurídico,0.9180327868852459,0.0819672131147541
Enviado para a assinatura,0.9491525423728814,0.05084745762711865
